Club,Stadium,City,Capacity,Latitude,Longitude,Region,Founded
Arsenal,Emirates Stadium,London,60704,51.5549,-0.1084,Greater London,1886
Aston Villa,Villa Park,Birmingham,42657,52.5091,-1.8848,West Midlands,1874
Birmingham,St Andrew's,Birmingham,29409,52.4757,-1.8682,West Midlands,1875
Blackburn,Ewood Park,Blackburn,31367,53.7286,-2.4892,North West,1875
Blackpool,Bloomfield Road,Blackpool,16616,53.8047,-3.0483,North West,1887
Bolton,Toughsheet Community Stadium,Bolton,28723,53.5805,-2.5356,North West,1874
Bournemouth,Vitality Stadium,Bournemouth,11307,50.7353,-1.8383,South West,1899
Bradford,Valley Parade,Bradford,25136,53.8042,-1.7592,Yorkshire,1903
Brentford,Gtech Community Stadium,London,17250,51.4907,-0.2887,Greater London,1889
Brighton,Amex Stadium,Brighton,31876,50.8616,-0.0837,South East,1901
Burnley,Turf Moor,Burnley,21944,53.7892,-2.2302,North West,1882
Cardiff,Cardiff City Stadium,Cardiff,33280,51.4728,-3.203,Wales,1899
Charlton,The Valley,London,27111,51.4864,0.0368,Greater London,1905
Chelsea,Stamford Bridge,London,40343,51.4817,-0.191,Greater London,1905
Coventry,Coventry Building Society Arena,Coventry,32609,52.4481,-1.4956,West Midlands,1883
Crystal Palace,Selhurst Park,London,25486,51.3983,-0.0855,Greater London,1905
Derby,Pride Park Stadium,Derby,32956,52.915,-1.4472,East Midlands,1884
Everton,Goodison Park,Liverpool,39572,53.4388,-2.9663,North West,1878
Fulham,Craven Cottage,London,25700,51.4749,-0.2217,Greater London,1879
Huddersfield,John Smith's Stadium,Huddersfield,24121,53.6542,-1.7683,Yorkshire,1908
Hull,MKM Stadium,Hull,25586,53.7461,-0.3678,Yorkshire,1904
Ipswich,Portman Road,Ipswich,30014,52.0553,1.1448,East of England,1878
Leeds,Elland Road,Leeds,37890,53.7778,-1.5722,Yorkshire,1919
Leicester,King Power Stadium,Leicester,32262,52.6203,-1.1422,East Midlands,1884
Liverpool,Anfield,Liverpool,61276,53.4308,-2.9608,North West,1892
Luton,Kenilworth Road,Luton,11500,51.8841,-0.4317,East of England,1885
Manchester City,Etihad Stadium,Manchester,53400,53.4831,-2.2004,North West,1880
Manchester United,Old Trafford,Manchester,74310,53.4631,-2.2913,North West,1878
Middlesbrough,Riverside Stadium,Middlesbrough,34742,54.5783,-1.2169,North East,1876
Newcastle,St James' Park,Newcastle,52305,54.9756,-1.6217,North East,1892
Norwich,Carrow Road,Norwich,27244,52.6221,1.3087,East of England,1902
Nott'm Forest,City Ground,Nottingham,30445,52.94,-1.1328,East Midlands,1865
Portsmouth,Fratton Park,Portsmouth,20895,50.7964,-1.0639,South East,1898
QPR,Loftus Road,London,18439,51.5093,-0.2322,Greater London,1882
Reading,Select Car Leasing Stadium,Reading,24161,51.4222,-0.9828,South East,1871
Sheffield United,Bramall Lane,Sheffield,32050,53.3703,-1.4708,Yorkshire,1889
Southampton,St Mary's Stadium,Southampton,32384,50.9058,-1.3911,South East,1885
Stoke,bet365 Stadium,Stoke-on-Trent,30089,52.9883,-2.1756,West Midlands,1863
Sunderland,Stadium of Light,Sunderland,49000,54.9144,-1.3883,North East,1879
Swansea,Swansea.com Stadium,Swansea,21088,51.6428,-3.9351,Wales,1912
Tottenham,Tottenham Hotspur Stadium,London,62850,51.6043,-0.0664,Greater London,1882
Watford,Vicarage Road,Watford,22200,51.6498,-0.4015,East of England,1881
West Brom,The Hawthorns,West Bromwich,26850,52.509,-1.9639,West Midlands,1878
West Ham,London Stadium,London,62500,51.5387,-0.0166,Greater London,1895
Wigan,Brick Community Stadium,Wigan,25138,53.5478,-2.6542,North West,1932
Wolverhampton,Molineux Stadium,Wolverhampton,32050,52.5903,-2.1303,West Midlands,1877
