id,player_name,games,time,goals,xG,assists,xA,shots,key_passes,yellow_cards,red_cards,position,team_title,npg,npxG,xGChain,xGBuildup,league,year,season,scrape_timestamp,primary_position
647,Harry Kane,35,3097,23,22.174864932894707,14,7.57709795050323,138,49,1,0,F,Tottenham,19,19.130178958177567,24.995637115091085,4.451255418360233,EPL,2020,2020/21,2026-10-09T12:02:48+00:00,F
1250,Mohamed Salah,37,3085,22,20.250850511714816,5,6.528527559712529,126,55,0,0,F M S,Liverpool,16,15.683834107592702,28.968229439109564,9.800236526876688,EPL,2020,2020/21,2026-10-09T12:02:48+00:00,F
1228,Bruno Fernandes,37,3117,18,16.019450719468296,12,11.474997889250517,121,95,6,0,M S,Manchester United,9,8.407837779261172,26.91141940653324,11.932286506518722,EPL,2020,2020/21,2026-10-09T12:02:48+00:00,M
453,Son Heung-Min,37,3139,17,11.023286264389753,10,9.51299634668976,68,75,0,0,F M S,Tottenham,16,10.26211767271161,20.671933140605688,6.608754173852503,EPL,2020,2020/21,2026-10-09T12:02:48+00:00,F
822,Patrick Bamford,38,3085,17,18.40186234563589,7,3.782248348928988,107,30,3,0,F S,Leeds,15,16.879525646567345,23.394968066364527,4.13179549202323,EPL,2020,2020/21,2026-10-09T12:02:48+00:00,F
5555,Dominic Calvert-Lewin,33,2878,16,18.210516868159175,0,2.1018170565366745,83,18,3,0,F S,Everton,16,18.210516868159175,19.88430229574442,4.270792106166482,EPL,2020,2020/21,2026-10-09T12:02:48+00:00,F
755,Jamie Vardy,34,2848,15,19.942946769297123,9,5.08788326010108,82,28,1,0,F S,Leicester,7,13.09242221340537,18.22790863364935,2.412587182596326,EPL,2020,2020/21,2026-10-09T12:02:48+00:00,F
8865,Ollie Watkins,37,3330,14,16.280176680535078,5,5.314029790461063,98,45,2,1,F,Aston Villa,13,14.75783659145236,22.014022789895535,5.334985261783004,EPL,2020,2020/21,2026-10-09T12:02:48+00:00,F
314,Ilkay Gündogan,28,2033,13,9.566889390349388,2,3.8162214383482933,54,42,1,0,M S,Manchester City,12,8.044548198580742,19.286807842552662,10.148369457572699,EPL,2020,2020/21,2026-10-09T12:02:48+00:00,M
3277,Alexandre Lacazette,31,1939,13,12.02891095355153,2,2.2092133089900017,45,22,3,0,F M S,Arsenal,10,9.745402950793505,14.361543761566281,2.937945641577244,EPL,2020,2020/21,2026-10-09T12:02:48+00:00,F
468,Callum Wilson,26,2079,12,13.590087059885263,5,3.046299707144499,49,17,2,0,F S,Newcastle United,8,10.545412976294756,14.205596320331097,1.052544891834259,EPL,2020,2020/21,2026-10-09T12:02:48+00:00,F
620,Kelechi Iheanacho,25,1452,12,9.048603574745357,2,3.5340976137667894,59,28,1,0,F S,Leicester,12,8.287429581396282,13.961564272642136,3.4299194402992725,EPL,2020,2020/21,2026-10-09T12:02:48+00:00,F
986,Danny Ings,29,2200,12,8.276573972776532,4,2.3112313207238913,57,22,1,0,F S,Southampton,10,6.7542363833636045,10.482222445309162,2.4790419340133667,EPL,2020,2020/21,2026-10-09T12:02:48+00:00,F
4456,Chris Wood,33,2765,12,12.954142516478896,3,2.038118289783597,70,23,0,0,F S,Burnley,10,11.431802516803145,13.58528614230454,2.1498528448864818,EPL,2020,2020/21,2026-10-09T12:02:48+00:00,F
522,Wilfried Zaha,30,2615,11,8.804446421563625,2,3.7028177306056023,60,30,6,0,F M S,Crystal Palace,9,7.282108388841152,13.579470183700323,3.6344375163316727,EPL,2020,2020/21,2026-10-09T12:02:48+00:00,F
556,Marcus Rashford,37,2941,11,9.579708877950907,9,4.185123202390969,79,44,4,0,F M S,Manchester United,11,9.579708877950907,20.441918712109327,8.927209110930562,EPL,2020,2020/21,2026-10-09T12:02:48+00:00,F
838,Sadio Mané,35,2805,11,14.828551573678851,7,7.787754092365503,94,61,3,0,F M S,Liverpool,11,14.828551573678851,24.998916164040565,6.057659732177854,EPL,2020,2020/21,2026-10-09T12:02:48+00:00,F
2251,Gareth Bale,20,909,11,5.797856383025646,2,1.842241832986474,38,21,1,0,M S,Tottenham,11,5.797856383025646,8.149641066789627,2.594512384850532,EPL,2020,2020/21,2026-10-09T12:02:48+00:00,M
7153,Matheus Pereira,33,2594,11,6.948313331231475,6,6.355541097000241,65,58,2,1,M S,West Bromwich Albion,7,3.9036400113254786,10.85705378651619,3.7579240780323744,EPL,2020,2020/21,2026-10-09T12:02:48+00:00,M
318,Pierre-Emerick Aubameyang,29,2333,10,10.450049884617329,3,2.4313496705144644,57,22,2,0,F M S,Arsenal,8,8.92772065103054,15.113904694095254,3.955130212008953,EPL,2020,2020/21,2026-10-09T12:02:48+00:00,F
531,Michail Antonio,26,1993,10,14.138836644589901,5,3.194422224536538,63,27,3,0,F S,West Ham,10,14.138836644589901,19.27381713874638,2.7705205250531435,EPL,2020,2020/21,2026-10-09T12:02:48+00:00,F
606,Christian Benteke,30,1824,10,7.457400366663933,1,0.6976268962025642,71,15,1,1,F S,Crystal Palace,10,7.457400366663933,8.472844080999494,3.1535544050857425,EPL,2020,2020/21,2026-10-09T12:02:48+00:00,F
618,Raheem Sterling,31,2539,10,12.050680804997683,7,6.628709137439728,70,39,4,0,F M S,Manchester City,10,11.28951171785593,25.88370618596673,12.173164084553719,EPL,2020,2020/21,2026-10-09T12:02:48+00:00,F
3294,Edinson Cavani,26,1355,10,8.603237739764154,3,2.3172431979328394,34,14,4,0,F S,Manchester United,10,8.603237739764154,12.259185567498207,2.7306441962718964,EPL,2020,2020/21,2026-10-09T12:02:48+00:00,F
5612,Anwar El Ghazi,28,1612,10,9.037513121031225,0,1.882866207510233,64,26,2,0,F M S,Aston Villa,6,5.9928371934220195,7.845566677860916,2.691346569918096,EPL,2020,2020/21,2026-10-09T12:02:48+00:00,F
5656,Nicolas Pepe,29,1602,10,6.000205853953958,1,1.0121595980599523,47,11,1,1,F M S,Arsenal,9,5.23903716634959,9.359735170379281,4.2177279610186815,EPL,2020,2020/21,2026-10-09T12:02:48+00:00,F
8288,Tomas Soucek,38,3420,10,8.98297917842865,1,2.444754745811224,64,18,7,1,M,West Ham,10,8.98297917842865,16.998424904420972,8.716955738142133,EPL,2020,2020/21,2026-10-09T12:02:48+00:00,M
482,Roberto Firmino,36,2882,9,12.860216487199068,7,6.116864521056414,83,44,2,0,F M S,Liverpool,9,12.860216487199068,25.271468130871654,10.198549590073526,EPL,2020,2020/21,2026-10-09T12:02:48+00:00,F
558,Jesse Lingard,16,1434,9,5.249173816293478,4,2.329291282221675,42,18,3,0,F M,West Ham,8,3.7268305122852325,10.09571509808302,5.690431963652372,EPL,2020,2020/21,2026-10-09T12:02:48+00:00,F
750,Riyad Mahrez,27,1961,9,6.232445145025849,6,6.086521776393056,58,45,0,0,F M S,Manchester City,9,6.232445145025849,18.846322424709797,9.170802794396877,EPL,2020,2020/21,2026-10-09T12:02:48+00:00,F
5543,Gabriel Jesus,29,2053,9,9.653350956737995,4,3.549695127643645,55,31,2,0,F M S,Manchester City,9,9.653350956737995,17.878482265397906,6.2336467280983925,EPL,2020,2020/21,2026-10-09T12:02:48+00:00,F
6055,Phil Foden,28,1606,9,6.083392720669508,5,4.749280586838722,45,36,0,0,F M S,Manchester City,9,6.083392720669508,13.835046902298927,5.486509682610631,EPL,2020,2020/21,2026-10-09T12:02:48+00:00,F
6681,Harvey Barnes,25,1954,9,6.697317669168115,4,1.7716885916888714,56,26,0,0,F M S,Leicester,9,6.697317669168115,8.893779151141644,1.594841817393899,EPL,2020,2020/21,2026-10-09T12:02:48+00:00,F
6854,Diogo Jota,19,1114,9,7.057722978293896,0,1.7625195607542992,46,12,2,0,F M S,Liverpool,9,7.057722978293896,10.972966209053993,4.07609829492867,EPL,2020,2020/21,2026-10-09T12:02:48+00:00,F
7700,Che Adams,36,2685,9,12.118733704090118,5,5.227753119543195,55,37,1,0,F S,Southampton,9,12.118733704090118,14.486906673759222,2.744625011458993,EPL,2020,2020/21,2026-10-09T12:02:48+00:00,F
843,James Ward-Prowse,38,3420,8,5.442037345841527,7,4.070980126038194,43,60,5,0,D M,Southampton,5,2.3973618019372225,10.637730375863612,9.401035180315375,EPL,2020,2020/21,2026-10-09T12:02:48+00:00,D
1776,Jarrod Bowen,38,2599,8,7.988896971568465,5,5.229475359432399,55,29,0,0,F M S,West Ham,8,7.988896971568465,14.171945477835834,3.0969946375116706,EPL,2020,2020/21,2026-10-09T12:02:48+00:00,F
3621,Neal Maupay,33,2526,8,13.77353422343731,2,4.277407944202423,71,32,1,1,F M S,Brighton,5,10.728933367878199,17.15754107758403,3.381784388795495,EPL,2020,2020/21,2026-10-09T12:02:48+00:00,F
6630,Joe Willock,21,1215,8,5.088086500763893,0,0.733700979501009,23,10,1,0,M S,"Arsenal,Newcastle United",8,4.326921537518501,7.007068745791912,2.9877239307388663,EPL,2020,2020/21,2026-10-09T12:02:48+00:00,M
6818,James Maddison,31,2123,8,3.8275705073028803,5,5.386723550967872,75,50,4,0,M S,Leicester,8,3.8275705073028803,11.743434881791472,6.07312859967351,EPL,2020,2020/21,2026-10-09T12:02:48+00:00,M
7711,David McGoldrick,35,2409,8,7.605752557516098,1,1.1166191883385181,71,17,7,0,F M S,Sheffield United,8,7.605752557516098,9.950739700347185,3.25369658973068,EPL,2020,2020/21,2026-10-09T12:02:48+00:00,F
8718,Stuart Dallas,38,3412,8,4.457073759287596,2,2.084682686254382,48,26,7,0,D M,Leeds,8,4.457073759287596,18.53434094041586,13.809801509603858,EPL,2020,2020/21,2026-10-09T12:02:48+00:00,D
8720,Jack Harrison,36,2871,8,6.254035193473101,8,7.523063641041517,46,59,2,0,M S,Leeds,8,6.254035193473101,19.397482879459858,8.035575471818447,EPL,2020,2020/21,2026-10-09T12:02:48+00:00,M
695,Bertrand Traoré,36,2362,7,6.304104885086417,6,4.570988927036524,64,35,1,0,F M S,Aston Villa,7,6.304104885086417,9.835362154990435,1.3322146972641349,EPL,2020,2020/21,2026-10-09T12:02:48+00:00,F
1389,Jorginho,28,2022,7,6.972690639086068,1,1.9548698784783483,14,24,2,0,M S,Chelsea,0,0.12224530149251223,11.383733398281038,10.878981369547546,EPL,2020,2020/21,2026-10-09T12:02:48+00:00,M
2381,Rodrigo,26,1285,7,5.755638722330332,2,3.200528811663389,46,31,3,0,F M S,Leeds,7,5.755638722330332,10.815974995493889,4.34865191206336,EPL,2020,2020/21,2026-10-09T12:02:48+00:00,F
6026,Richarlison,34,2883,7,10.670258212834597,3,3.3947635404765606,81,25,4,1,F M S,Everton,6,9.90908919647336,15.864715963602066,5.174457877874374,EPL,2020,2020/21,2026-10-09T12:02:48+00:00,F
6441,Ferrán Torres,24,1305,7,5.728712034411728,2,2.2024257499724627,36,18,1,0,F M S,Manchester City,7,5.728712034411728,10.003002636134624,2.9583604130893946,EPL,2020,2020/21,2026-10-09T12:02:48+00:00,F
7490,Mason Greenwood,31,1825,7,6.975751496851444,2,2.427899083122611,67,14,2,0,F M S,Manchester United,7,6.975751496851444,14.031829975545406,5.954049182124436,EPL,2020,2020/21,2026-10-09T12:02:48+00:00,F
65,Timo Werner,35,2605,6,13.432795317843556,8,6.667280228808522,80,36,2,0,F M S,Chelsea,6,13.432795317843556,20.533464793115854,5.242117813788354,EPL,2020,2020/21,2026-10-09T12:02:48+00:00,F
447,Kevin De Bruyne,25,2008,6,9.983444157987833,12,10.958204975351691,81,79,1,0,M S,Manchester City,4,7.699938114732504,22.516895599663258,11.297135788947344,EPL,2020,2020/21,2026-10-09T12:02:48+00:00,M
501,Danny Welbeck,24,1551,6,7.38038232550025,1,3.2313683964312077,35,22,0,0,F M S,Brighton,6,6.619250323623419,10.265666393563151,1.4765126965939999,EPL,2020,2020/21,2026-10-09T12:02:48+00:00,F
675,Jack Grealish,26,2187,6,5.1926843244582415,10,9.334138981997967,50,81,5,0,F M S,Aston Villa,6,5.1926843244582415,17.487467363476753,6.972044946625829,EPL,2020,2020/21,2026-10-09T12:02:48+00:00,F
702,Tammy Abraham,22,1027,6,6.1891482546925545,1,0.7214870899915695,32,9,0,0,F S,Chelsea,6,6.1891482546925545,7.901167066767812,2.122331554070115,EPL,2020,2020/21,2026-10-09T12:02:48+00:00,F
714,Gylfi Sigurdsson,36,2250,6,6.404703702777624,5,4.837688572704792,49,44,2,0,F M S,Everton,3,3.360029112547636,8.47510883398354,3.6605118457227945,EPL,2020,2020/21,2026-10-09T12:02:48+00:00,F
2249,James Rodríguez,23,1802,6,3.363535486161709,4,5.439712628722191,37,40,4,0,F M S,Everton,6,3.363535486161709,12.033014222979546,7.104172067716718,EPL,2020,2020/21,2026-10-09T12:02:48+00:00,F
5956,Youri Tielemans,38,3359,6,4.168200260028243,4,3.31225230358541,48,49,6,0,M S,Leicester,4,2.6458662804216146,18.975331887602806,14.945476435124874,EPL,2020,2020/21,2026-10-09T12:02:48+00:00,M
7768,Mason Mount,36,2891,6,6.884881563484669,5,9.847691288217902,82,87,2,0,F M S,Chelsea,5,6.123712250962853,21.69607226829976,12.443154769949615,EPL,2020,2020/21,2026-10-09T12:02:48+00:00,F
8026,Raphinha,30,2369,6,6.219142932444811,9,9.524861674755812,67,65,3,0,M S,Leeds,6,6.219142932444811,16.79277704656124,6.679692381992936,EPL,2020,2020/21,2026-10-09T12:02:48+00:00,M
935,Kurt Zouma,24,2024,5,3.1368540562689304,0,0.08146690018475056,27,4,3,0,D S,Chelsea,5,3.1368540562689304,6.216146887280047,6.133134902454913,EPL,2020,2020/21,2026-10-09T12:02:48+00:00,D
2335,Pablo Fornals,33,2603,5,6.749409511685371,4,2.5329946326091886,50,31,3,0,F M S,West Ham,5,6.749409511685371,16.320038326084614,8.427109494805336,EPL,2020,2020/21,2026-10-09T12:02:48+00:00,F
4476,Callum Robinson,28,1580,5,3.2030633613467216,0,1.0499622896313667,31,16,0,0,F M S,West Bromwich Albion,5,3.2030633613467216,5.216542601585388,1.5963358916342258,EPL,2020,2020/21,2026-10-09T12:02:48+00:00,F
6048,Lewis Dunk,33,2934,5,2.7090756595134735,0,0.8306384868919849,32,10,5,2,D,Brighton,5,2.7090756595134735,8.376231810078025,7.971444236114621,EPL,2020,2020/21,2026-10-09T12:02:48+00:00,D
6382,Pedro Neto,31,2570,5,5.494994781911373,6,5.738266875967383,62,61,4,0,F M S,Wolverhampton Wanderers,5,5.494994781911373,11.516653075814247,4.2069341987371445,EPL,2020,2020/21,2026-10-09T12:02:48+00:00,F
6827,Bobby Reid,33,2394,5,4.269856670405716,2,1.3096999023109674,34,14,7,0,D F M S,Fulham,5,4.269856670405716,8.202641465235502,3.1313828574493527,EPL,2020,2020/21,2026-10-09T12:02:48+00:00,D
6853,Rúben Neves,36,2681,5,4.744082765653729,1,2.061172278597951,67,33,7,0,M S,Wolverhampton Wanderers,2,2.4605759885162115,6.995870877057314,4.6739716026932,EPL,2020,2020/21,2026-10-09T12:02:48+00:00,M
7322,Bukayo Saka,32,2577,5,7.169173154979944,3,4.511790509335697,61,38,1,0,D F M S,Arsenal,5,7.169173154979944,18.292466957122087,9.18044448364526,EPL,2020,2020/21,2026-10-09T12:02:48+00:00,D
7698,Leandro Trossard,35,2647,5,5.41275604814291,5,5.398416018113494,58,51,2,0,F M S,Brighton,5,5.41275604814291,15.99893388338387,7.631561153568327,EPL,2020,2020/21,2026-10-09T12:02:48+00:00,F
87,Joelinton,31,2006,4,5.631008350290358,2,2.3664820287376642,43,17,3,0,F M S,Newcastle United,3,4.869839348830283,9.26830423809588,3.2849566685035825,EPL,2020,2020/21,2026-10-09T12:02:48+00:00,F
502,Olivier Giroud,17,750,4,5.0704178139567375,0,1.175797939300537,29,6,1,0,F S,Chelsea,4,5.0704178139567375,5.245492395013571,1.7113378066569567,EPL,2020,2020/21,2026-10-09T12:02:48+00:00,F
553,Anthony Martial,22,1494,4,7.405648021958768,3,2.619799588806927,42,17,0,1,F M S,Manchester United,4,7.405648021958768,11.8148154579103,3.3195044174790382,EPL,2020,2020/21,2026-10-09T12:02:48+00:00,F
586,John Stones,22,1933,4,2.501299239695072,0,0.046839602291584015,15,2,0,1,D,Manchester City,4,2.501299239695072,10.388180335983634,10.288510343059897,EPL,2020,2020/21,2026-10-09T12:02:48+00:00,D
619,Sergio Agüero,12,556,4,3.716518983244896,1,1.315659997984767,19,7,0,0,F M S,Manchester City,3,2.1941805984824896,4.1585718132555485,1.2831721864640713,EPL,2020,2020/21,2026-10-09T12:02:48+00:00,F
2662,Christian Pulisic,27,1739,4,6.775410307571292,2,2.761231416836381,43,25,2,0,F M S,Chelsea,4,6.775410307571292,14.59386957809329,7.101113624870777,EPL,2020,2020/21,2026-10-09T12:02:48+00:00,F
4105,Raúl Jiménez,10,824,4,2.360906094312668,0,0.6329620033502579,26,6,0,0,F,Wolverhampton Wanderers,4,2.360906094312668,3.684073407202959,1.2332109939306974,EPL,2020,2020/21,2026-10-09T12:02:48+00:00,F
4381,Mateusz Klich,35,2404,4,2.9999594227410853,5,3.650848997756839,36,44,6,0,M S,Leeds,2,1.4776212074793875,14.608116365969181,10.386437094770372,EPL,2020,2020/21,2026-10-09T12:02:48+00:00,M
5220,Kai Havertz,27,1523,4,6.352187737822533,3,1.5533829852938652,33,18,2,0,F M S,Chelsea,4,6.352187737822533,10.38293974660337,4.811912000179291,EPL,2020,2020/21,2026-10-09T12:02:48+00:00,F
5556,Ademola Lookman,34,2765,4,6.251115549355745,4,5.258410016074777,69,61,5,0,F M S,Fulham,4,5.489946853369474,15.355226468294859,7.334160039201379,EPL,2020,2020/21,2026-10-09T12:02:48+00:00,F
5560,Scott McTominay,32,2121,4,1.8477441929280758,1,2.1146131111308932,26,17,3,0,M S,Manchester United,4,1.8477441929280758,10.912292583845556,7.90481286123395,EPL,2020,2020/21,2026-10-09T12:02:48+00:00,M
6893,Stuart Armstrong,33,2791,4,2.6400083750486374,5,2.901357291266322,54,35,3,0,M S,Southampton,4,2.6400083750486374,10.028466776013374,6.737704178318381,EPL,2020,2020/21,2026-10-09T12:02:48+00:00,M
7420,Miguel Almirón,34,2458,4,3.509381575509906,1,3.135926203802228,33,31,3,0,F M S,Newcastle United,4,3.509381575509906,9.295027982443571,3.8990671783685684,EPL,2020,2020/21,2026-10-09T12:02:48+00:00,F
8706,Eberechi Eze,34,2570,4,2.494570924434811,6,3.741961975581944,37,42,3,0,M S,Crystal Palace,4,2.494570924434811,7.996476820204407,3.959955094382167,EPL,2020,2020/21,2026-10-09T12:02:48+00:00,M
8778,Fabio Silva,32,1341,4,6.136157924309373,3,1.1684247087687254,48,11,2,0,F S,Wolverhampton Wanderers,3,5.374989124014974,5.087810844182968,1.0827531218528748,EPL,2020,2020/21,2026-10-09T12:02:48+00:00,F
101,Allan Saint-Maximin,25,1578,3,2.825913516804576,4,4.01332547981292,30,29,0,0,F M S,Newcastle United,3,2.825913516804576,10.594717938452959,4.224005025811493,EPL,2020,2020/21,2026-10-09T12:02:48+00:00,F
111,Jannik Vestergaard,30,2571,3,2.1054085036739707,0,0.740825392305851,23,7,3,1,D S,Southampton,3,2.1054085036739707,6.064834877848625,5.990050476044416,EPL,2020,2020/21,2026-10-09T12:02:48+00:00,D
239,Pascal Groß,34,2469,3,5.0105255879461765,8,5.368288877420127,32,69,3,0,D M S,Brighton,0,1.9658873826265335,10.404416730627418,6.732295922935009,EPL,2020,2020/21,2026-10-09T12:02:48+00:00,D
503,Theo Walcott,22,1660,3,2.2806765669956803,3,1.2631024159491062,29,17,0,0,F M S,"Everton,Southampton",3,2.2806765669956803,5.551979128271341,2.23354927636683,EPL,2020,2020/21,2026-10-09T12:02:48+00:00,F
528,Angelo Ogbonna,28,2493,3,1.6960741942748427,0,0.4284708108752966,13,4,5,0,D,West Ham,3,1.6960741942748427,4.007841985672712,3.785347294062376,EPL,2020,2020/21,2026-10-09T12:02:48+00:00,D
592,Ross Barkley,26,1574,3,3.69993400759995,1,4.319001067429781,39,40,0,0,M S,"Aston Villa,Chelsea",3,3.69993400759995,9.89690613374114,3.7172500621527433,EPL,2020,2020/21,2026-10-09T12:02:48+00:00,M
669,Ashley Westwood,38,3412,3,1.0059907007962465,3,6.534145314246416,19,52,7,0,M,Burnley,3,1.0059907007962465,10.02816303446889,6.304797999560833,EPL,2020,2020/21,2026-10-09T12:02:48+00:00,M
773,Aleksandar Mitrovic,27,1369,3,5.677359725348651,3,2.9247109331190586,59,23,3,0,F S,Fulham,2,4.155023763887584,7.808299947530031,1.8494829945266247,EPL,2020,2020/21,2026-10-09T12:02:48+00:00,F
782,Ben Chilwell,27,2296,3,2.984890672378242,5,2.4556783102452755,27,30,3,0,D M,Chelsea,3,2.984890672378242,11.330960918217897,8.155131109058857,EPL,2020,2020/21,2026-10-09T12:02:48+00:00,D
804,Craig Dawson,22,1925,3,2.7360610645264387,0,0.05446829833090305,16,2,3,1,D,West Ham,3,2.7360610645264387,3.0050550205633044,3.0050550205633044,EPL,2020,2020/21,2026-10-09T12:02:48+00:00,D
964,Kyle Bartley,30,2581,3,2.601399853825569,1,0.7599643841385841,14,7,4,0,D S,West Bromwich Albion,3,2.601399853825569,2.4846501778811216,1.4993403069674969,EPL,2020,2020/21,2026-10-09T12:02:48+00:00,D
1017,Matej Vydra,28,1363,3,5.373273886740208,2,2.1183415008708835,35,14,0,0,F S,Burnley,3,5.373273886740208,6.4258578307926655,1.0472039058804512,EPL,2020,2020/21,2026-10-09T12:02:48+00:00,F
1653,Michael Keane,35,2986,3,1.5046901144087315,1,1.0852534715086222,16,7,4,0,D S,Everton,3,1.5046901144087315,6.95178396999836,6.67562198638916,EPL,2020,2020/21,2026-10-09T12:02:48+00:00,D
1740,Paul Pogba,26,1893,3,2.988201911561191,3,2.066862566396594,31,24,3,0,M S,Manchester United,3,2.988201911561191,11.691464388743043,7.444202953949571,EPL,2020,2020/21,2026-10-09T12:02:48+00:00,M
3293,Lucas Moura,30,1392,3,1.9466329012066126,4,2.064034544862807,18,16,1,0,F M S,Tottenham,3,1.9466329012066126,7.514042437076569,5.20006918348372,EPL,2020,2020/21,2026-10-09T12:02:48+00:00,F
3428,Hélder Costa,22,1152,3,2.5981543734669685,3,0.628333006054163,16,7,0,0,M S,Leeds,3,2.5981543734669685,4.516008350998163,2.2073273733258247,EPL,2020,2020/21,2026-10-09T12:02:48+00:00,M
3491,Romain Saiss,27,2409,3,3.169141403399408,0,0.6693506045266986,28,5,2,0,D,Wolverhampton Wanderers,3,3.169141403399408,4.751172102987766,3.912272027693689,EPL,2020,2020/21,2026-10-09T12:02:48+00:00,D
3683,Ivan Cavaleiro,36,2477,3,5.548668167553842,0,2.6804727111011744,47,42,2,0,D F M S,Fulham,2,4.026330660097301,8.240887176245451,2.8567286916077137,EPL,2020,2020/21,2026-10-09T12:02:48+00:00,D
4422,Ashley Barnes,22,1342,3,3.874067099764943,0,0.8005466284230351,38,19,4,0,F M S,Burnley,2,3.1128980834037066,4.1903143133968115,1.1986288204789162,EPL,2020,2020/21,2026-10-09T12:02:48+00:00,F
5587,Josh Maja,15,809,3,4.91805799305439,0,0.7428307086229324,21,7,0,0,F S,Fulham,2,4.156888987869024,4.449021954089403,0.6455444116145372,EPL,2020,2020/21,2026-10-09T12:02:48+00:00,F
5595,Daniel James,15,920,3,2.3124233819544315,1,1.3286128789186478,17,10,3,0,M S,Manchester United,3,2.3124233819544315,5.241102613508701,2.144381510093808,EPL,2020,2020/21,2026-10-09T12:02:48+00:00,M
5962,Tanguy NDombele Alvaro,33,2141,3,1.5304817156866193,2,2.12633260153234,18,14,3,0,M S,Tottenham,3,1.5304817156866193,10.934960171580315,8.005787655711174,EPL,2020,2020/21,2026-10-09T12:02:48+00:00,M
6144,Sébastien Haller,16,933,3,2.5546688437461853,0,1.1348687317222357,25,10,0,0,F S,West Ham,3,2.5546688437461853,3.660330254584551,0.8529492989182472,EPL,2020,2020/21,2026-10-09T12:02:48+00:00,F
7712,Billy Sharp,16,723,3,2.9830773063004017,0,0.5832782126963139,9,4,1,0,F S,Sheffield United,1,1.4607392735779285,2.650699596852064,0.6648954264819622,EPL,2020,2020/21,2026-10-09T12:02:48+00:00,F
7723,John McGinn,37,3330,3,2.166595708578825,5,3.501758733764291,45,42,12,0,M,Aston Villa,3,2.166595708578825,14.868273419328034,9.94562083017081,EPL,2020,2020/21,2026-10-09T12:02:48+00:00,M
8239,Takumi Minamino,19,1004,3,2.9247402772307396,0,0.810821782797575,20,5,1,0,F M S,"Liverpool,Southampton",3,2.9247402772307396,6.542063135653734,2.9392822682857513,EPL,2020,2020/21,2026-10-09T12:02:48+00:00,F
8291,Daniel Podence,24,1718,3,2.744376480579376,2,1.839432805776596,32,21,3,0,F M S,Wolverhampton Wanderers,3,2.744376480579376,6.7250947672873735,2.910880086943507,EPL,2020,2020/21,2026-10-09T12:02:48+00:00,F
9290,Mbaye Diagne,16,1205,3,6.247825607657433,2,0.986100921407342,25,10,2,0,F S,West Bromwich Albion,3,6.247825607657433,8.729952983558178,1.7730097901076078,EPL,2020,2020/21,2026-10-09T12:02:48+00:00,F
343,Pierre-Emile Højbjerg,38,3420,2,1.137927639298141,4,1.7558960048481822,14,16,9,0,M,Tottenham,2,1.137927639298141,16.205809246748686,14.680380446836352,EPL,2020,2020/21,2026-10-09T12:02:48+00:00,M
725,Ola Aina,31,2683,2,0.8479759693145752,1,1.5527279768139124,14,15,3,0,D M,Fulham,2,0.8479759693145752,6.773147820495069,6.120470190420747,EPL,2020,2020/21,2026-10-09T12:02:48+00:00,D
757,Jeffrey Schlupp,27,1424,2,2.015110921114683,3,2.5725832264870405,18,18,3,0,M S,Crystal Palace,2,2.015110921114683,5.158031335100532,3.4669602159410715,EPL,2020,2020/21,2026-10-09T12:02:48+00:00,M
766,Jamaal Lascelles,19,1633,2,0.7653545793145895,0,0.06688280217349529,16,2,4,0,D,Newcastle United,2,0.7653545793145895,2.6064504999667406,2.3499084059149027,EPL,2020,2020/21,2026-10-09T12:02:48+00:00,D
770,Ayoze Pérez,25,1326,2,4.036575708538294,1,1.2486079968512058,31,23,2,0,F M S,Leicester,2,4.036575708538294,9.872756661847234,6.759955529123545,EPL,2020,2020/21,2026-10-09T12:02:48+00:00,F
771,Georginio Wijnaldum,38,2961,2,2.8174269553273916,0,1.6629221122711897,31,21,1,0,M S,Liverpool,2,2.8174269553273916,13.922177974134684,10.476275946944952,EPL,2020,2020/21,2026-10-09T12:02:48+00:00,M
790,Nathan Redmond,29,1718,2,3.8337903171777725,3,3.353081863373518,45,29,1,0,F M S,Southampton,2,3.8337903171777725,8.99761745147407,3.267556704580784,EPL,2020,2020/21,2026-10-09T12:02:48+00:00,F
807,Jonny Evans,28,2483,2,1.855712991207838,2,0.5386304911226034,8,10,7,0,D,Leicester,2,1.855712991207838,8.73060917109251,7.942962162196636,EPL,2020,2020/21,2026-10-09T12:02:48+00:00,D
900,Adama Traoré,37,2630,2,2.0761523256078362,2,5.27167169097811,43,55,4,0,D F M S,Wolverhampton Wanderers,2,2.0761523256078362,9.475093208253384,3.0063984766602516,EPL,2020,2020/21,2026-10-09T12:02:48+00:00,D
1024,Tyrone Mings,36,3194,2,2.061613383702934,2,0.37627119943499565,19,7,4,1,D,Aston Villa,2,2.061613383702934,6.932440020143986,6.708538971841335,EPL,2020,2020/21,2026-10-09T12:02:48+00:00,D
1621,Marcos Alonso,13,962,2,1.824077844619751,0,1.7216993737965822,22,15,2,0,D S,Chelsea,2,1.824077844619751,4.6433930564671755,2.5364248510450125,EPL,2020,2020/21,2026-10-09T12:02:48+00:00,D
1654,Ben Mee,30,2695,2,1.6194160860031843,0,0.8052045041695237,22,7,3,0,D,Burnley,2,1.6194160860031843,2.1182813867926598,2.015906086191535,EPL,2020,2020/21,2026-10-09T12:02:48+00:00,D
1663,Johann Berg Gudmundsson,22,1369,2,1.5335707571357489,0,0.9595046062022448,19,10,2,0,M S,Burnley,2,1.5335707571357489,3.6138847433030605,1.325503310188651,EPL,2020,2020/21,2026-10-09T12:02:48+00:00,M
1678,Michy Batshuayi,18,706,2,1.3631452023983002,1,1.65472068823874,12,9,0,0,F S,Crystal Palace,2,1.3631452023983002,3.7080082334578037,1.4757321141660213,EPL,2020,2020/21,2026-10-09T12:02:48+00:00,F
1687,Harry Maguire,34,3049,2,1.4843375030905008,1,0.29094299487769604,36,7,11,0,D,Manchester United,2,1.4843375030905008,13.12701240181923,13.018354054540396,EPL,2020,2020/21,2026-10-09T12:02:48+00:00,D
1726,Abdoulaye Doucouré,29,2468,2,2.369523380883038,3,2.388998680282384,18,21,6,0,M,Everton,2,2.369523380883038,10.453213196247816,6.824094897136092,EPL,2020,2020/21,2026-10-09T12:02:48+00:00,M
1737,Matt Phillips,33,1823,2,2.9235164280980825,1,3.245670160278678,22,25,1,0,M S,West Bromwich Albion,2,2.9235164280980825,7.040547264739871,2.6132324263453484,EPL,2020,2020/21,2026-10-09T12:02:48+00:00,M
1738,Hal Robson-Kanu,19,522,2,1.4960819277912378,0,0.24344989843666553,13,5,2,0,F S,West Bromwich Albion,2,1.4960819277912378,2.264204764738679,0.6344088893383741,EPL,2020,2020/21,2026-10-09T12:02:48+00:00,F
1746,Jeff Hendrick,22,1436,2,1.1079940740019083,1,1.4332293150946498,10,6,1,1,M S,Newcastle United,2,1.1079940740019083,3.6056358302012086,1.386697107926011,EPL,2020,2020/21,2026-10-09T12:02:48+00:00,M
1791,Trent Alexander-Arnold,36,3040,2,2.593059585429728,7,8.576367035508156,55,77,2,0,D S,Liverpool,2,2.593059585429728,23.107888992875814,17.648911455646157,EPL,2020,2020/21,2026-10-09T12:02:48+00:00,D
2379,João Cancelo,28,2309,2,1.8656361103057861,3,5.177639778703451,35,45,5,1,D M S,Manchester City,2,1.8656361103057861,18.10572186857462,14.480543030425906,EPL,2020,2020/21,2026-10-09T12:02:48+00:00,D
2496,Rodri,34,2751,2,2.659903080202639,2,2.3353829346597195,32,33,6,0,M S,Manchester City,1,1.8987347027286887,20.857336901128292,18.96581632643938,EPL,2020,2020/21,2026-10-09T12:02:48+00:00,M
3203,Issa Diop,18,1379,2,0.9535319805145264,0,0.017779599875211716,3,1,3,0,D S,West Ham,2,0.9535319805145264,2.147920305840671,1.8317228211089969,EPL,2020,2020/21,2026-10-09T12:02:48+00:00,D
3288,Thiago Silva,23,1938,2,1.3205458130687475,0,0.29149410128593445,13,5,3,1,D,Chelsea,2,1.3205458130687475,7.842857085168362,7.6369176506996155,EPL,2020,2020/21,2026-10-09T12:02:48+00:00,D
3389,Benjamin Mendy,13,955,2,0.33414069935679436,1,0.3014400042593479,6,5,2,0,D M S,Manchester City,2,0.33414069935679436,2.7691371738910675,2.3486030250787735,EPL,2020,2020/21,2026-10-09T12:02:48+00:00,D
3600,Serge Aurier,19,1619,2,1.4752713814377785,3,3.7193957716226578,15,17,0,0,D M,Tottenham,2,1.4752713814377785,8.711730375885963,5.293094374239445,EPL,2020,2020/21,2026-10-09T12:02:48+00:00,D
3635,Bernardo Silva,26,2080,2,3.598813336342573,6,4.82339084893465,28,27,5,0,F M S,Manchester City,2,3.598813336342573,17.112391721457243,10.653524532914162,EPL,2020,2020/21,2026-10-09T12:02:48+00:00,F
4490,Semi Ajayi,33,2773,2,1.7337960172444582,0,0.51046640612185,13,7,3,1,D S,West Bromwich Albion,2,1.7337960172444582,4.629277691245079,3.112332258373499,EPL,2020,2020/21,2026-10-09T12:02:48+00:00,D
5553,Declan Rice,32,2880,2,3.191765470430255,1,1.9789338074624538,28,23,2,0,M,West Ham,1,1.669427564367652,10.661635948345065,9.188757190480828,EPL,2020,2020/21,2026-10-09T12:02:48+00:00,M
5584,Aaron Wan-Bissaka,34,3060,2,0.9324541166424751,4,2.547665696591139,7,31,3,0,D,Manchester United,2,0.9324541166424751,12.242120400071144,9.676276091486216,EPL,2020,2020/21,2026-10-09T12:02:48+00:00,D
5613,Gabriel,23,1994,2,1.5645487178117037,0,0.05609600059688091,16,2,2,1,D S,Arsenal,2,1.5645487178117037,5.762659789994359,5.748225750401616,EPL,2020,2020/21,2026-10-09T12:02:48+00:00,D
6027,Jairo Riedewald,33,1803,2,0.5630807876586914,0,0.8973621036857367,8,11,4,0,M S,Crystal Palace,2,0.5630807876586914,3.511385193094611,2.3339512944221497,EPL,2020,2020/21,2026-10-09T12:02:48+00:00,M
6049,Solly March,21,1684,2,1.78360197506845,1,1.6788202039897442,22,27,0,0,D M S,Brighton,2,1.78360197506845,8.322111636400223,5.6805479265749454,EPL,2020,2020/21,2026-10-09T12:02:48+00:00,D
6063,Jacob Murphy,26,1611,2,1.490953603759408,3,3.4334884993731976,30,19,3,0,D M S,Newcastle United,2,1.490953603759408,8.043610220775008,4.102311899885535,EPL,2020,2020/21,2026-10-09T12:02:48+00:00,D
6157,Timothy Castagne,27,2349,2,1.6002667360007763,3,2.3069622721523046,8,21,1,0,D M,Leicester,2,1.6002667360007763,8.445917386561632,6.60623169131577,EPL,2020,2020/21,2026-10-09T12:02:48+00:00,D
6456,Callum Hudson-Odoi,23,1048,2,1.3696891833096743,3,3.1041410844773054,23,31,0,0,D F M S,Chelsea,2,1.3696891833096743,7.8243640046566725,5.499200417660177,EPL,2020,2020/21,2026-10-09T12:02:48+00:00,D
6482,Eddie Nketiah,17,405,2,2.022098023444414,1,0.7423548139631748,12,8,0,0,F S,Arsenal,2,2.022098023444414,2.0772799979895353,0.22055049799382687,EPL,2020,2020/21,2026-10-09T12:02:48+00:00,F
6521,Yerry Mina,24,1941,2,1.7494332194328308,0,0.019598999992012978,17,1,2,0,D S,Everton,2,1.7494332194328308,4.313140327110887,4.212718518450856,EPL,2020,2020/21,2026-10-09T12:02:48+00:00,D
6756,Dwight McNeil,36,3075,2,1.080685398541391,5,5.477007370442152,27,47,1,0,M S,Burnley,2,1.080685398541391,6.948604315519333,3.6068121027201414,EPL,2020,2020/21,2026-10-09T12:02:48+00:00,M
7230,Emile Smith-Rowe,20,1456,2,1.592160290107131,4,3.622620165348053,13,27,0,0,M S,Arsenal,2,1.592160290107131,9.538249481469393,5.6345065496861935,EPL,2020,2020/21,2026-10-09T12:02:48+00:00,M
7722,Trézéguet,21,1175,2,3.9790338948369026,1,2.1475658286362886,35,13,0,0,F M S,Aston Villa,2,3.9790338948369026,7.027214404195547,1.9039336424320936,EPL,2020,2020/21,2026-10-09T12:02:48+00:00,F
7726,Ezri Konsa Ngoyo,36,3192,2,3.2915586698800325,0,0.0931767001748085,22,2,3,0,D S,Aston Villa,2,3.2915586698800325,3.4295510537922382,3.381944954395294,EPL,2020,2020/21,2026-10-09T12:02:48+00:00,D
7752,Gabriel Martinelli,14,581,2,3.2524473667144775,1,1.7456525303423405,20,9,0,0,F M S,Arsenal,2,3.2524473667144775,6.1597150303423405,1.7565969750285149,EPL,2020,2020/21,2026-10-09T12:02:48+00:00,F
7753,James Justin,23,2070,2,1.517482303082943,1,2.0591367334127426,9,19,4,0,D,Leicester,2,1.517482303082943,7.6656622514128685,5.505036529153585,EPL,2020,2020/21,2026-10-09T12:02:48+00:00,D
7991,Aaron Connolly,17,799,2,4.464138314127922,1,0.1607838999480009,23,6,0,0,F M S,Brighton,2,4.464138314127922,4.7834921311587095,0.19122500717639923,EPL,2020,2020/21,2026-10-09T12:02:48+00:00,F
8722,Ezgjan Alioski,36,2475,2,1.7466123420745134,3,3.3327511874958873,25,28,7,0,D M S,Leeds,2,1.7466123420745134,13.478348550386727,9.6862708395347,EPL,2020,2020/21,2026-10-09T12:02:48+00:00,D
8992,Hakim Ziyech,23,1182,2,1.9873142782598734,3,4.478449231013656,35,34,3,0,F M S,Chelsea,2,1.9873142782598734,7.6606698632240295,3.6919246558099985,EPL,2020,2020/21,2026-10-09T12:02:48+00:00,F
9040,Conor Gallagher,30,2529,2,1.542326182126999,2,1.4182883203029633,29,21,11,0,M S,West Bromwich Albion,2,1.542326182126999,5.059539873152971,3.1247856905683875,EPL,2020,2020/21,2026-10-09T12:02:48+00:00,M
9205,Jayden Bogle,16,1109,2,1.915019929409027,0,0.20855360105633736,17,4,2,0,D M S,Sheffield United,2,1.915019929409027,2.668701633810997,1.3656456880271435,EPL,2020,2020/21,2026-10-09T12:02:48+00:00,D
76,Fabian Schär,18,1252,1,1.4605767242610455,0,0,12,0,4,1,D S,Newcastle United,0,0.6994077078998089,0.9551224838942289,0.8735605869442225,EPL,2020,2020/21,2026-10-09T12:02:48+00:00,D
204,Granit Xhaka,31,2537,1,0.7788539975881577,2,1.4596665930002928,21,17,7,1,D M S,Arsenal,1,0.7788539975881577,13.89865631237626,12.85003492794931,EPL,2020,2020/21,2026-10-09T12:02:48+00:00,D
229,Thiago Alcántara,24,1865,1,1.2113057915121317,0,2.5549221271649003,22,30,4,0,M S,Liverpool,1,1.2113057915121317,11.152551587671041,9.468282479792833,EPL,2020,2020/21,2026-10-09T12:02:48+00:00,M
332,Joel Matip,10,701,1,0.7844756990671158,2,1.1802749931812286,5,3,2,0,D S,Liverpool,1,0.7844756990671158,4.383123978972435,4.383123978972435,EPL,2020,2020/21,2026-10-09T12:02:48+00:00,D
486,Adam Lallana,30,1572,1,1.6143054887652397,1,2.6287574097514153,22,25,0,0,F M S,Brighton,1,1.6143054887652397,9.719970086589456,5.874308593571186,EPL,2020,2020/21,2026-10-09T12:02:48+00:00,F
492,Héctor Bellerín,25,2098,1,0.8602303061634302,2,2.1715131886303425,15,21,8,0,D S,Arsenal,1,0.8602303061634302,8.0598920956254,6.266995308920741,EPL,2020,2020/21,2026-10-09T12:02:48+00:00,D
496,Mohamed Elneny,23,1540,1,0.4756157035008073,0,0.2569415085017681,9,4,3,0,M S,Arsenal,1,0.4756157035008073,5.195760786533356,4.651168327778578,EPL,2020,2020/21,2026-10-09T12:02:48+00:00,M
500,Alex Iwobi,30,1536,1,0.8436323963105679,2,2.1553488839417696,15,16,0,0,D F M S,Everton,1,0.8436323963105679,7.2189144510775805,4.475585374981165,EPL,2020,2020/21,2026-10-09T12:02:48+00:00,D
512,Scott Dann,15,1350,1,0.5482884962111712,0,0.017612800002098083,4,1,1,0,D,Crystal Palace,1,0.5482884962111712,1.1852098880335689,1.1675978926941752,EPL,2020,2020/21,2026-10-09T12:02:48+00:00,D
532,Cheikhou Kouyaté,36,3126,1,0.8239277079701424,0,0.8307867012917995,7,8,4,0,D M S,Crystal Palace,1,0.8239277079701424,4.744332169182599,4.530509167350829,EPL,2020,2020/21,2026-10-09T12:02:48+00:00,D
535,Manuel Lanzini,17,548,1,0.9710571253672242,1,1.0017916820943356,12,11,1,0,M S,West Ham,1,0.9710571253672242,3.2326610730960965,1.5795046957209706,EPL,2020,2020/21,2026-10-09T12:02:48+00:00,M
537,Andy Carroll,18,369,1,0.6033165901899338,0,0.06301980093121529,13,2,1,0,F S,Newcastle United,1,0.6033165901899338,0.989015600644052,0.542128506116569,EPL,2020,2020/21,2026-10-09T12:02:48+00:00,F
554,Juan Mata,9,518,1,1.0727033168077469,2,0.7225957177579403,5,8,0,0,M S,Manchester United,0,0.3115343004465103,3.0369243174791336,2.1873118095099926,EPL,2020,2020/21,2026-10-09T12:02:48+00:00,M
579,Nathan Aké,10,802,1,0.5053185075521469,0,0.017229299992322922,3,1,4,0,D S,Manchester City,1,0.5053185075521469,4.211260549724102,4.194031249731779,EPL,2020,2020/21,2026-10-09T12:02:48+00:00,D
605,Jordan Henderson,21,1710,1,1.1357970889657736,1,1.4837088845670223,14,14,0,0,D M S,Liverpool,1,1.1357970889657736,11.494373463094234,10.461348321288824,EPL,2020,2020/21,2026-10-09T12:02:48+00:00,D
638,Kyle Walker,24,1944,1,0.20440489519387484,1,0.4997862037271261,10,8,1,0,D S,Manchester City,1,0.20440489519387484,10.604215674102306,10.206439010798931,EPL,2020,2020/21,2026-10-09T12:02:48+00:00,D
639,Toby Alderweireld,25,2243,1,0.613818702287972,0,0.9680299838073552,10,8,2,0,D,Tottenham,1,0.613818702287972,5.900498282164335,5.8572167828679085,EPL,2020,2020/21,2026-10-09T12:02:48+00:00,D
644,Erik Lamela,23,683,1,1.2894132062792778,0,0.8058314230293036,21,8,4,1,F M S,Tottenham,1,1.2894132062792778,4.192472180351615,2.828796409070492,EPL,2020,2020/21,2026-10-09T12:02:48+00:00,F
672,Jordan Ayew,33,2097,1,2.58198132365942,3,0.8223462076857686,26,13,4,0,F M S,Crystal Palace,1,2.58198132365942,5.2682706490159035,2.6505747539922595,EPL,2020,2020/21,2026-10-09T12:02:48+00:00,F
681,César Azpilicueta,26,2189,1,0.5030054012313485,2,2.575493517331779,11,27,5,1,D S,Chelsea,1,0.5030054012313485,13.98924983292818,12.338828016072512,EPL,2020,2020/21,2026-10-09T12:02:48+00:00,D
688,Ruben Loftus-Cheek,31,1988,1,3.3300100583583117,0,1.244578005746007,35,17,3,0,F M S,"Chelsea,Fulham",1,3.3300100583583117,7.614797158166766,3.7472258722409606,EPL,2020,2020/21,2026-10-09T12:02:48+00:00,F
699,Gary Cahill,20,1800,1,0.7365135010331869,1,0.6217405945062637,11,8,3,0,D,Crystal Palace,1,0.7365135010331869,2.2731895092874765,2.0231167282909155,EPL,2020,2020/21,2026-10-09T12:02:48+00:00,D
700,Willian,25,1413,1,1.8349484112113714,5,3.591709390282631,20,32,0,0,F M S,Arsenal,1,1.8349484112113714,7.110169928520918,3.815574500709772,EPL,2020,2020/21,2026-10-09T12:02:48+00:00,F
743,Dwight Gayle,18,483,1,2.929792396724224,1,0.2755555026233196,16,6,0,0,F S,Newcastle United,1,2.929792396724224,3.037845218554139,0.5140487160533667,EPL,2020,2020/21,2026-10-09T12:02:48+00:00,F
753,Marc Albrighton,31,1731,1,1.246731299906969,5,4.036377124488354,21,38,2,0,D M S,Leicester,1,1.246731299906969,8.017674952745438,5.142706813290715,EPL,2020,2020/21,2026-10-09T12:02:48+00:00,D
759,Daniel Amartey,12,714,1,0.5421725064516068,0,0,3,0,2,0,D S,Leicester,1,0.5421725064516068,2.5317340046167374,2.4568770080804825,EPL,2020,2020/21,2026-10-09T12:02:48+00:00,D
769,Jonjo Shelvey,30,2617,1,2.452838074415922,3,2.625524072907865,42,37,7,0,M S,Newcastle United,1,2.452838074415922,9.463522750884295,7.525885250419378,EPL,2020,2020/21,2026-10-09T12:02:48+00:00,M
775,Andros Townsend,34,2255,1,2.471999518573284,5,4.1464946530759335,36,40,0,0,F M S,Crystal Palace,1,2.471999518573284,7.262481946498156,3.630241433158517,EPL,2020,2020/21,2026-10-09T12:02:48+00:00,F
789,Robbie Brady,19,1061,1,0.7830978035926819,1,0.9085825961083174,16,7,3,0,M S,Burnley,1,0.7830978035926819,2.677590448409319,1.5309147164225578,EPL,2020,2020/21,2026-10-09T12:02:48+00:00,M
833,Virgil van Dijk,5,370,1,0.5533829927444458,0,0,4,0,1,0,D,Liverpool,1,0.5533829927444458,1.4095935374498367,1.2884335070848465,EPL,2020,2020/21,2026-10-09T12:02:48+00:00,D
842,Oriol Romeu,21,1777,1,0.4458273034542799,1,1.53680650703609,14,14,6,0,M S,Southampton,1,0.4458273034542799,6.2380435317754745,5.063458546996117,EPL,2020,2020/21,2026-10-09T12:02:48+00:00,M
844,Jay Rodriguez,31,1237,1,2.977034335024655,2,1.210919912904501,31,6,3,0,F M S,Burnley,1,2.977034335024655,4.231585918925703,0.913431984372437,EPL,2020,2020/21,2026-10-09T12:02:48+00:00,F
853,Paul Dummett,15,1254,1,0.4440922141075134,0,0.22914470359683037,3,4,2,0,D S,Newcastle United,1,0.4440922141075134,3.159807227551937,2.9786208122968674,EPL,2020,2020/21,2026-10-09T12:02:48+00:00,D
875,Ciaran Clark,22,1895,1,0.6622019987553358,0,0.14438939839601517,8,2,3,0,D S,Newcastle United,1,0.6622019987553358,2.8629614301025867,2.8629614301025867,EPL,2020,2020/21,2026-10-09T12:02:48+00:00,D
966,Alex Oxlade-Chamberlain,13,238,1,0.3006508983671665,1,0.3017777930945158,8,2,0,0,F M S,Liverpool,1,0.3006508983671665,0.99866240657866,0.7666851915419102,EPL,2020,2020/21,2026-10-09T12:02:48+00:00,F
985,Mason Holgate,28,2298,1,1.2981894947588444,0,0.5711942873895168,5,8,9,0,D M S,Everton,1,1.2981894947588444,3.7908532954752445,3.348965907469392,EPL,2020,2020/21,2026-10-09T12:02:48+00:00,D
1006,Luke Shaw,32,2659,1,0.6931249871850014,5,6.471947828307748,11,72,8,0,D S,Manchester United,1,0.6931249871850014,12.84404988028109,10.096229428425431,EPL,2020,2020/21,2026-10-09T12:02:48+00:00,D
1014,Tyler Roberts,27,1334,1,1.8854893743991852,2,2.5291487146168947,26,15,3,0,F M S,Leeds,1,1.8854893743991852,7.462028859183192,3.5038947202265263,EPL,2020,2020/21,2026-10-09T12:02:48+00:00,F
1053,Keinan Davis,15,240,1,1.268774088472128,1,0.6846188846975565,9,6,0,0,F S,Aston Villa,1,1.268774088472128,1.9646081924438477,0.3350831884890795,EPL,2020,2020/21,2026-10-09T12:02:48+00:00,F
1234,Dennis Praet,15,730,1,0.43896859884262085,1,1.2158559188246727,8,7,0,0,M S,Leicester,1,0.43896859884262085,2.111918618902564,1.2916930802166462,EPL,2020,2020/21,2026-10-09T12:02:48+00:00,M
1257,Alisson,33,2970,1,0.1076819971203804,0,0,1,0,1,0,GK,Liverpool,1,0.1076819971203804,3.5593250282108784,3.5593250282108784,EPL,2020,2020/21,2026-10-09T12:02:48+00:00,GK
1299,Mario Lemina,28,1706,1,1.2436586385592818,0,1.1261271238327026,19,12,5,0,D M S,Fulham,1,1.2436586385592818,4.9531535636633635,3.294961305335164,EPL,2020,2020/21,2026-10-09T12:02:48+00:00,D
1545,Emil Krafth,16,1297,1,0.15091237984597683,0,0.4345155991613865,7,6,4,0,D S,Newcastle United,1,0.15091237984597683,3.9109030421823263,3.4270467199385166,EPL,2020,2020/21,2026-10-09T12:02:48+00:00,D
1652,Matthew Lowton,34,3060,1,0.7594853155314922,1,2.7722550611943007,21,26,5,0,D,Burnley,1,0.7594853155314922,6.366659976541996,3.579444417729974,EPL,2020,2020/21,2026-10-09T12:02:48+00:00,D
1665,James Tarkowski,36,3240,1,3.0608745152130723,0,0.9441512934863567,23,12,6,0,D,Burnley,1,3.0608745152130723,3.0737211741507053,2.8856543730944395,EPL,2020,2020/21,2026-10-09T12:02:48+00:00,D
1676,David Luiz,20,1410,1,0.6695672031491995,0,0.5240253880620003,15,2,1,1,D S,Arsenal,1,0.6695672031491995,4.749539636075497,4.629008233547211,EPL,2020,2020/21,2026-10-09T12:02:48+00:00,D
1688,Andrew Robertson,38,3391,1,1.4379339776933193,7,7.220490546897054,19,65,2,0,D,Liverpool,1,1.4379339776933193,19.86947536841035,15.435003930702806,EPL,2020,2020/21,2026-10-09T12:02:48+00:00,D
1736,Oliver McBurnie,23,1306,1,3.552994309924543,0,1.0542656984180212,30,15,2,0,F S,Sheffield United,1,3.552994309924543,6.107228264212608,2.6019225167110562,EPL,2020,2020/21,2026-10-09T12:02:48+00:00,F
1822,Antonio Rüdiger,19,1710,1,1.1399358808994293,0,0.3058072980493307,14,4,0,0,D,Chelsea,1,1.1399358808994293,9.13764899969101,9.04483500123024,EPL,2020,2020/21,2026-10-09T12:02:48+00:00,D
2163,Diego Llorente,15,1208,1,0.9071680884808302,0,0.461230605840683,8,4,1,0,D S,Leeds,1,0.9071680884808302,3.1332230530679226,2.109321676194668,EPL,2020,2020/21,2026-10-09T12:02:48+00:00,D
2361,Willian José,17,1123,1,1.4292719885706902,0,1.2711049672216177,19,12,0,0,F S,Wolverhampton Wanderers,1,1.4292719885706902,2.07121398486197,0.7192586064338684,EPL,2020,2020/21,2026-10-09T12:02:48+00:00,F
2517,Martin Odegaard,14,865,1,0.618740500882268,2,1.9558854773640633,15,19,0,0,M S,Arsenal,1,0.618740500882268,5.297232031822205,4.07069668546319,EPL,2020,2020/21,2026-10-09T12:02:48+00:00,M
3422,João Moutinho,33,2546,1,0.5027753990143538,1,1.6768403090536594,14,46,3,1,M S,Wolverhampton Wanderers,1,0.5027753990143538,7.028498159721494,6.2302312003448606,EPL,2020,2020/21,2026-10-09T12:02:48+00:00,M
3585,Said Benrahma,30,1381,1,2.455936680547893,6,5.114552590996027,35,27,0,0,M S,West Ham,1,2.455936680547893,10.364191408269107,3.779580977745354,EPL,2020,2020/21,2026-10-09T12:02:48+00:00,M
4391,Darnell Furlong,35,2926,1,1.9333325140178204,3,2.46300520375371,26,17,5,0,D M S,West Bromwich Albion,1,1.9333325140178204,6.135472722351551,3.374022333882749,EPL,2020,2020/21,2026-10-09T12:02:48+00:00,D
5256,Oliver Burke,25,1272,1,2.6037588827311993,1,2.620451921597123,25,15,2,0,F S,Sheffield United,1,2.6037588827311993,6.119536662474275,1.0531198028475046,EPL,2020,2020/21,2026-10-09T12:02:48+00:00,F
5264,Caglar Söyüncü,23,1802,1,0.5392078021541238,0,0.3269755970686674,10,7,2,0,D S,Leicester,1,0.5392078021541238,7.39042928814888,7.3686622977256775,EPL,2020,2020/21,2026-10-09T12:02:48+00:00,D
5545,Wilfred Ndidi,26,2181,1,0.5960322907194495,4,1.3334988076239824,16,16,6,0,D M S,Leicester,1,0.5960322907194495,10.230051901191473,8.725674789398909,EPL,2020,2020/21,2026-10-09T12:02:48+00:00,D
5549,Luka Milivojevic,31,2374,1,2.213461126666516,1,1.7734648771584034,19,21,8,1,M S,Crystal Palace,0,0.6911234292201698,6.36730165919289,5.705258479341865,EPL,2020,2020/21,2026-10-09T12:02:48+00:00,M
5609,Yves Bissouma,36,3121,1,1.0768232634291053,0,1.081232002004981,42,16,8,1,M S,Brighton,1,1.0768232634291053,9.739855950698256,8.210505489259958,EPL,2020,2020/21,2026-10-09T12:02:48+00:00,M
5681,Giovani Lo Celso,18,955,1,1.5252610966563225,1,1.1966528072953224,15,15,5,0,M S,Tottenham,1,1.5252610966563225,5.273319855332375,3.312730461359024,EPL,2020,2020/21,2026-10-09T12:02:48+00:00,M
5735,Jean-Philippe Mateta,7,213,1,0.32543040439486504,0,0.016295300796628,4,1,0,0,F S,Crystal Palace,1,0.32543040439486504,0.39735590294003487,0.1360509991645813,EPL,2020,2020/21,2026-10-09T12:02:48+00:00,F
6042,Jan Bednarek,36,3111,1,0.46839270554482937,1,1.159947693347931,10,5,5,1,D,Southampton,1,0.46839270554482937,8.544506297446787,8.489991501905024,EPL,2020,2020/21,2026-10-09T12:02:48+00:00,D
6080,Victor Lindelöf,29,2587,1,0.7988889738917351,1,0.40237830206751823,4,6,0,0,D,Manchester United,1,0.7988889738917351,9.030322298407555,8.881874991580844,EPL,2020,2020/21,2026-10-09T12:02:48+00:00,D
6163,Nélson Semedo,34,2994,1,1.3097365982830524,1,0.9027981068938971,23,20,5,0,D M,Wolverhampton Wanderers,1,1.3097365982830524,7.68634950555861,6.196272294968367,EPL,2020,2020/21,2026-10-09T12:02:48+00:00,D
6314,Joachim Andersen,31,2732,1,1.3567860033363104,1,0.45167968329042196,13,8,7,1,D S,Fulham,1,1.3567860033363104,6.673856432549655,6.54764090757817,EPL,2020,2020/21,2026-10-09T12:02:48+00:00,D
6424,Ben Johnson,14,506,1,0.4844093881547451,0,0.38586561009287834,3,4,1,0,D M S,West Ham,1,0.4844093881547451,1.4439897667616606,0.6678877267986536,EPL,2020,2020/21,2026-10-09T12:02:48+00:00,D
6651,Grady Diangana,20,1249,1,1.0978216975927353,0,0.16204879991710186,14,5,0,0,F M S,West Bromwich Albion,1,1.0978216975927353,1.629269490018487,0.6211163979023695,EPL,2020,2020/21,2026-10-09T12:02:48+00:00,F
6665,Curtis Jones,24,1174,1,1.7588918451219797,2,1.5211436888203025,19,12,2,0,M S,Liverpool,1,1.7588918451219797,7.742867568507791,5.182872947305441,EPL,2020,2020/21,2026-10-09T12:02:48+00:00,M
6674,Rayan Ait Nouri,21,1414,1,0.5121663315221667,1,0.7904388774186373,16,14,1,0,D M S,Wolverhampton Wanderers,1,0.5121663315221667,2.7287225760519505,2.28505318518728,EPL,2020,2020/21,2026-10-09T12:02:48+00:00,D
6817,Fred,30,2404,1,1.7331655826419592,0,2.2325712125748396,25,24,5,0,M S,Manchester United,1,1.7331655826419592,13.51970374956727,10.6886385679245,EPL,2020,2020/21,2026-10-09T12:02:48+00:00,M
6834,Joe Bryan,16,658,1,0.5813569035381079,0,0.27269429713487625,8,5,2,0,D M S,Fulham,1,0.5813569035381079,1.899183414876461,1.3006593212485313,EPL,2020,2020/21,2026-10-09T12:02:48+00:00,D
6835,Tom Cairney,10,762,1,0.5839640917256474,1,0.9888519793748856,12,17,2,0,M S,Fulham,1,0.5839640917256474,3.385561529546976,2.849907993339002,EPL,2020,2020/21,2026-10-09T12:02:48+00:00,M
6850,Willy Boly,21,1880,1,1.1301859011873603,1,0.5512952953577042,15,3,2,0,D,Wolverhampton Wanderers,1,1.1301859011873603,2.838236978277564,2.663166480138898,EPL,2020,2020/21,2026-10-09T12:02:48+00:00,D
6851,Conor Coady,37,3305,1,1.4450342124328017,0,0.19623779505491257,7,3,5,0,D,Wolverhampton Wanderers,1,1.4450342124328017,5.043202399276197,4.874850797466934,EPL,2020,2020/21,2026-10-09T12:02:48+00:00,D
6857,Morgan Gibbs-White,11,395,1,0.8142993114888668,0,0.4069434069097042,10,8,1,0,F M S,Wolverhampton Wanderers,1,0.8142993114888668,1.7168070655316114,0.83146240003407,EPL,2020,2020/21,2026-10-09T12:02:48+00:00,F
6859,Kortney Hause,7,630,1,1.3037526831030846,0,0,5,0,2,0,D,Aston Villa,1,1.3037526831030846,1.8043759763240814,1.8043759763240814,EPL,2020,2020/21,2026-10-09T12:02:48+00:00,D
6891,Ryan Fredericks,14,563,1,0.21433740481734276,1,1.298734413459897,4,12,2,0,D M S,West Ham,1,0.21433740481734276,1.0619318224489689,0.308016499504447,EPL,2020,2020/21,2026-10-09T12:02:48+00:00,D
6892,Fabián Balbuena,14,1197,1,1.0978235751390457,0,0,8,0,1,1,D S,West Ham,1,1.0978235751390457,2.2187997102737427,1.9963050186634064,EPL,2020,2020/21,2026-10-09T12:02:48+00:00,D
7063,Bernard,12,438,1,0.19363570399582386,0,0.5254478920251131,6,10,2,0,F M S,Everton,1,0.19363570399582386,1.2825448121875525,0.7026601061224937,EPL,2020,2020/21,2026-10-09T12:02:48+00:00,F
7236,Leander Dendoncker,33,2500,1,3.3815979287028313,0,0.5813325960189104,31,17,4,0,D M S,Wolverhampton Wanderers,1,3.3815979287028313,8.177474899217486,5.363242764025927,EPL,2020,2020/21,2026-10-09T12:02:48+00:00,D
7382,Dan Burn,27,2059,1,1.0781692042946815,0,0.977860301733017,17,10,5,0,D M S,Brighton,1,1.0781692042946815,4.978818798437715,4.176192915067077,EPL,2020,2020/21,2026-10-09T12:02:48+00:00,D
7390,Karlan Grant,21,1140,1,1.6942400857806206,0,0.14918609336018562,16,2,1,0,F M S,West Bromwich Albion,1,1.6942400857806206,1.8100058129057288,0.5052713081240654,EPL,2020,2020/21,2026-10-09T12:02:48+00:00,F
7395,Carlos Vinicius,9,300,1,1.2549914866685867,0,0.10279390215873718,7,2,2,0,F S,Tottenham,1,1.2549914866685867,1.4212629944086075,0.08671839907765388,EPL,2020,2020/21,2026-10-09T12:02:48+00:00,F
7699,Adam Webster,29,2596,1,1.2729560993611813,0,0.2532154992222786,25,5,4,0,D,Brighton,1,1.2729560993611813,7.724679803475738,7.582416407763958,EPL,2020,2020/21,2026-10-09T12:02:48+00:00,D
7701,Moussa Djenepo,27,1236,1,0.792782393284142,0,0.40187229588627815,14,6,5,0,M S,Southampton,1,0.792782393284142,2.9883765131235123,1.9131248323246837,EPL,2020,2020/21,2026-10-09T12:02:48+00:00,M
7714,Ben Osborn,24,1607,1,1.090726202353835,0,2.5220146737992764,10,17,1,0,D F M S,Sheffield United,1,1.090726202353835,6.371751420199871,4.42230891995132,EPL,2020,2020/21,2026-10-09T12:02:48+00:00,D
7721,Conor Hourihane,4,236,1,0.5679541006684303,1,0.919187881052494,5,5,0,0,M S,Aston Villa,1,0.5679541006684303,0.6681756898760796,0.19055769592523575,EPL,2020,2020/21,2026-10-09T12:02:48+00:00,M
8020,Steven Alzate,15,905,1,0.8340353071689606,0,0.9228017721325159,7,11,2,0,D M S,Brighton,1,0.8340353071689606,3.5195548171177506,2.386690203100443,EPL,2020,2020/21,2026-10-09T12:02:48+00:00,D
8067,Reece James,32,2355,1,1.534597285091877,2,3.6499774176627398,35,42,3,0,D M S,Chelsea,1,1.534597285091877,11.71861541364342,9.588870281353593,EPL,2020,2020/21,2026-10-09T12:02:48+00:00,D
8089,Kieran Tierney,27,2305,1,0.3866765992715955,3,3.8238940481096506,15,31,4,0,D S,Arsenal,1,0.3866765992715955,8.635928499512374,5.60839013569057,EPL,2020,2020/21,2026-10-09T12:02:48+00:00,D
8214,Tyrick Mitchell,19,1710,1,1.075538009405136,1,0.23087899386882782,2,3,1,0,D,Crystal Palace,1,1.075538009405136,4.470527729019523,3.2567335087805986,EPL,2020,2020/21,2026-10-09T12:02:48+00:00,D
8226,Tariq Lamptey,11,904,1,0.7030035890638828,1,0.8089802078902721,6,10,2,1,D M,Brighton,1,0.7030035890638828,4.56888796761632,3.6915879994630814,EPL,2020,2020/21,2026-10-09T12:02:48+00:00,D
8228,Nathaniel Phillips,17,1451,1,1.0277080088853836,1,0.916556591168046,15,7,2,0,D S,Liverpool,1,1.0277080088853836,4.325661094859242,4.1560654025524855,EPL,2020,2020/21,2026-10-09T12:02:48+00:00,D
8285,Sander Berge,15,1116,1,1.216417072340846,1,1.7773302253335714,10,14,4,0,M S,Sheffield United,0,0.4552479963749647,3.9067585049197078,3.0664289398118854,EPL,2020,2020/21,2026-10-09T12:02:48+00:00,M
8300,Steven Bergwijn,21,1218,1,2.093382678925991,3,0.8125872928649187,15,13,3,0,F M S,Tottenham,1,2.093382678925991,4.8143409341573715,2.446276418864727,EPL,2020,2020/21,2026-10-09T12:02:48+00:00,F
8379,Alexis Mac Allister,21,1110,1,1.3531396118924022,1,1.8708692993968725,24,15,1,0,F M S,Brighton,1,1.3531396118924022,5.655094686895609,3.2666636938229203,EPL,2020,2020/21,2026-10-09T12:02:48+00:00,F
8456,Nathan Tella,18,734,1,1.9882364720106125,1,1.090901680290699,17,6,2,0,F M S,Southampton,1,1.9882364720106125,2.907419417053461,0.48396930284798145,EPL,2020,2020/21,2026-10-09T12:02:48+00:00,F
8481,Jimmy Dunne,3,270,1,0.4191067963838577,0,0.10200029984116554,7,2,1,0,D,Burnley,1,0.4191067963838577,0.10443910025060177,0.0430356003344059,EPL,2020,2020/21,2026-10-09T12:02:48+00:00,D
8562,Luke Thomas,14,982,1,0.2702021040022373,0,0.947651319205761,7,7,2,0,D M S,Leicester,1,0.2702021040022373,2.1523557733744383,1.729158366099,EPL,2020,2020/21,2026-10-09T12:02:48+00:00,D
8717,Pascal Struijk,27,2073,1,2.0286722974851727,0,0.10804758127778769,13,4,3,0,D M S,Leeds,1,2.0286722974851727,6.597728695720434,6.550255294889212,EPL,2020,2020/21,2026-10-09T12:02:48+00:00,D
8719,Kalvin Phillips,29,2435,1,0.38862279802560806,2,3.233059170655906,15,35,10,0,M S,Leeds,1,0.38862279802560806,8.95923120714724,7.5506361443549395,EPL,2020,2020/21,2026-10-09T12:02:48+00:00,M
8780,Joël Veltman,28,2281,1,1.275618426501751,1,1.8462191317230463,14,22,3,0,D M S,Brighton,1,1.275618426501751,9.022528225556016,6.800672544166446,EPL,2020,2020/21,2026-10-09T12:02:48+00:00,D
8816,Liam Cooper,25,2189,1,2.0945085920393467,0,0,15,0,4,1,D,Leeds,1,2.0945085920393467,7.379914786666632,7.379914786666632,EPL,2020,2020/21,2026-10-09T12:02:48+00:00,D
8821,Donny van de Beek,19,486,1,0.29472880251705647,1,1.0433878228068352,2,3,1,0,M S,Manchester United,1,0.29472880251705647,3.546600326895714,2.208483774214983,EPL,2020,2020/21,2026-10-09T12:02:48+00:00,M
8961,Rúben Dias,32,2848,1,1.9530212916433811,0,0.10559620335698128,14,3,4,0,D,Manchester City,1,1.9530212916433811,16.681801982223988,16.56010902673006,EPL,2020,2020/21,2026-10-09T12:02:48+00:00,D
9163,Kean Bryan,13,1012,1,0.5354915875941515,0,0.8194746151566505,3,4,1,0,D S,Sheffield United,1,0.5354915875941515,1.4283711146563292,1.3857593219727278,EPL,2020,2020/21,2026-10-09T12:02:48+00:00,D
9501,Fabio Carvalho,4,255,1,0.9974309951066971,0,0.5002102106809616,9,2,0,0,F M S,Fulham,1,0.9974309951066971,1.4961069524288177,0.28626900911331177,EPL,2020,2020/21,2026-10-09T12:02:48+00:00,F
9509,Daniel Jebbison,4,286,1,1.4839950501918793,0,0.023562999442219734,4,1,0,0,F S,Sheffield United,1,1.4839950501918793,1.9016577787697315,0.3941028006374836,EPL,2020,2020/21,2026-10-09T12:02:48+00:00,F
9524,Anthony Elanga,2,157,1,0.5518710017204285,0,0.02072560042142868,2,1,0,0,F M,Manchester United,1,0.5518710017204285,0.8420460224151611,0.8213210105895996,EPL,2020,2020/21,2026-10-09T12:02:48+00:00,F
181,Bernd Leno,35,3136,0,0,0,0,0,0,0,1,GK,Arsenal,0,0,4.326597798615694,4.326597798615694,EPL,2020,2020/21,2026-10-09T12:02:48+00:00,GK
200,Andreas Christensen,17,1375,0,0.12940829992294312,0,0.25010460056364536,3,6,2,1,D S,Chelsea,0,0.12940829992294312,7.441709998995066,7.276740927249193,EPL,2020,2020/21,2026-10-09T12:02:48+00:00,D
342,Sead Kolasinac,1,90,0,0,0,0,0,0,0,0,D,Arsenal,0,0,0.42935800552368164,0.42935800552368164,EPL,2020,2020/21,2026-10-09T12:02:48+00:00,D
461,Matt Ritchie,18,1360,0,0.33010069839656353,2,2.49234551936388,11,24,2,0,D M S,Newcastle United,0,0.33010069839656353,5.130528144538403,4.383479591459036,EPL,2020,2020/21,2026-10-09T12:02:48+00:00,D
465,Joshua King,11,119,0,0.7881255093961954,0,0,3,0,0,0,S,Everton,0,0.7881255093961954,0.8868916016072035,0.7569960057735443,EPL,2020,2020/21,2026-10-09T12:02:48+00:00,S
484,Divock Origi,9,176,0,1.0811219811439514,0,0.14003530330955982,7,2,0,0,F S,Liverpool,0,1.0811219811439514,1.4969354905188084,0.7823662031441927,EPL,2020,2020/21,2026-10-09T12:02:48+00:00,F
485,Mamadou Sakho,4,274,0,0.018834900110960007,0,0,1,0,0,0,D S,Crystal Palace,0,0.018834900110960007,0.5140529870986938,0.5140529870986938,EPL,2020,2020/21,2026-10-09T12:02:48+00:00,D
489,James Milner,26,1037,0,0.3565737046301365,1,0.7905595079064369,12,13,3,0,D M S,Liverpool,0,0.3565737046301365,5.685041844844818,4.885258160531521,EPL,2020,2020/21,2026-10-09T12:02:48+00:00,D
508,Calum Chambers,10,750,0,0.3639728929847479,2,1.0427637845277786,8,11,0,0,D S,Arsenal,0,0.3639728929847479,3.8356559574604034,2.8100062385201454,EPL,2020,2020/21,2026-10-09T12:02:48+00:00,D
510,Joel Ward,26,2252,0,0.05171130131930113,1,0.47300298884510994,2,7,5,0,D S,Crystal Palace,0,0.05171130131930113,3.1162296161055565,2.889396835118532,EPL,2020,2020/21,2026-10-09T12:02:48+00:00,D
525,Martin Kelly,1,1,0,0,0,0,0,0,0,0,S,Crystal Palace,0,0,0,0,EPL,2020,2020/21,2026-10-09T12:02:48+00:00,S
527,Adrián,3,270,0,0,0,0,0,0,0,0,GK,Liverpool,0,0,0.3974395953118801,0.3974395953118801,EPL,2020,2020/21,2026-10-09T12:02:48+00:00,GK
530,James Tomkins,8,553,0,0.12336970120668411,0,0.11044800281524658,2,1,1,0,D S,Crystal Palace,0,0.12336970120668411,0.2848687954246998,0.2848687954246998,EPL,2020,2020/21,2026-10-09T12:02:48+00:00,D
533,Mark Noble,21,702,0,0.0526794008910656,0,0.17633140180259943,1,5,1,0,M S,West Ham,0,0.0526794008910656,0.7763154096901417,0.7236361093819141,EPL,2020,2020/21,2026-10-09T12:02:48+00:00,M
534,Aaron Cresswell,36,3176,0,0.8834640998393297,8,7.390939770266414,19,58,3,0,D,West Ham,0,0.8834640998393297,10.620282838121057,8.392438812181354,EPL,2020,2020/21,2026-10-09T12:02:48+00:00,D
540,Darren Randolph,3,270,0,0,0,0,0,0,0,0,GK,West Ham,0,0,0.2751617059111595,0.2751617059111595,EPL,2020,2020/21,2026-10-09T12:02:48+00:00,GK
545,Kieran Gibbs,10,808,0,0.06194189935922623,0,0.40620600432157516,1,4,0,1,D S,West Bromwich Albion,0,0.06194189935922623,0.8934742975980043,0.812916399911046,EPL,2020,2020/21,2026-10-09T12:02:48+00:00,D
546,David de Gea,26,2298,0,0,0,0,0,0,0,0,GK,Manchester United,0,0,2.1132496232166886,2.1132496232166886,EPL,2020,2020/21,2026-10-09T12:02:48+00:00,GK
549,Timothy Fosu-Mensah,1,85,0,0.015449300408363342,0,0.3051519989967346,1,2,1,0,D,Manchester United,0,0.015449300408363342,0.40190500020980835,0.36082199215888977,EPL,2020,2020/21,2026-10-09T12:02:48+00:00,D
573,Odion Ighalo,1,5,0,0,0,0,0,0,0,0,S,Manchester United,0,0,0,0,EPL,2020,2020/21,2026-10-09T12:02:48+00:00,S
585,Seamus Coleman,25,1612,0,0.8948423862457275,3,1.5076254913583398,12,19,0,0,D M S,Everton,0,0.8948423862457275,5.504018247127533,4.079465299844742,EPL,2020,2020/21,2026-10-09T12:02:48+00:00,D
587,Phil Jagielka,10,526,0,0,0,0,0,0,1,1,D S,Sheffield United,0,0,0.9072468057274818,0.9072468057274818,EPL,2020,2020/21,2026-10-09T12:02:48+00:00,D
589,James McCarthy,16,834,0,0.012277700006961823,0,0.2898285947740078,1,5,1,0,M S,Crystal Palace,0,0.012277700006961823,1.1981807127594948,1.0280193164944649,EPL,2020,2020/21,2026-10-09T12:02:48+00:00,M
603,Nathaniel Clyne,13,1151,0,0.1229338999837637,1,0.2224844992160797,4,4,2,0,D,Crystal Palace,0,0.1229338999837637,1.8969627786427736,1.7311628945171833,EPL,2020,2020/21,2026-10-09T12:02:48+00:00,D
614,Fernandinho,21,1170,0,0.8150820014998317,2,1.5401166006922722,14,14,6,0,M S,Manchester City,0,0.8150820014998317,8.776915058493614,7.831784226000309,EPL,2020,2020/21,2026-10-09T12:02:48+00:00,M
624,Willy Caballero,1,90,0,0,0,0,0,0,0,0,GK,Chelsea,0,0,0.14356300234794617,0.14356300234794617,EPL,2020,2020/21,2026-10-09T12:02:48+00:00,GK
633,James McArthur,18,1482,0,0.28225409518927336,2,1.5203706570900977,6,15,3,0,M S,Crystal Palace,0,0.28225409518927336,3.245604265946895,2.2573824785649776,EPL,2020,2020/21,2026-10-09T12:02:48+00:00,M
635,Alex McCarthy,30,2700,0,0,0,0,0,0,2,0,GK,Southampton,0,0,2.7634329460561275,2.7634329460561275,EPL,2020,2020/21,2026-10-09T12:02:48+00:00,GK
637,Hugo Lloris,38,3420,0,0,0,0,0,0,0,0,GK,Tottenham,0,0,4.801014944911003,4.801014944911003,EPL,2020,2020/21,2026-10-09T12:02:48+00:00,GK
643,Eric Dier,28,2520,0,1.2531601041555405,0,0.22542324010282755,14,6,3,0,D,Tottenham,0,1.2531601041555405,5.722175907343626,5.697843890637159,EPL,2020,2020/21,2026-10-09T12:02:48+00:00,D
645,Dele Alli,15,615,0,1.6745915822684765,1,1.3262456189841032,12,9,0,0,M S,Tottenham,0,1.6745915822684765,4.322706138715148,2.1345874574035406,EPL,2020,2020/21,2026-10-09T12:02:48+00:00,M
660,Ben Davies,20,1330,0,0.1976930983364582,1,0.4373758044093847,3,8,1,0,D S,Tottenham,0,0.1976930983364582,2.684572694823146,2.331053102388978,EPL,2020,2020/21,2026-10-09T12:02:48+00:00,D
661,Josh Onomah,11,368,0,0.5561954909935594,0,0.032975900918245316,6,1,1,0,M S,Fulham,0,0.5561954909935594,1.3664662055671215,0.8782036043703556,EPL,2020,2020/21,2026-10-09T12:02:48+00:00,M
682,Branislav Ivanovic,13,761,0,0.4594705104827881,0,0.048929501324892044,4,1,2,0,D S,West Bromwich Albion,0,0.4594705104827881,0.3491972014307976,0.3491972014307976,EPL,2020,2020/21,2026-10-09T12:02:48+00:00,D
697,Nemanja Matic,20,1099,0,0.16478569619357586,0,0.8938351850956678,6,8,2,0,M S,Manchester United,0,0.16478569619357586,6.13336412422359,5.510588930919766,EPL,2020,2020/21,2026-10-09T12:02:48+00:00,M
703,Fikayo Tomori,1,43,0,0,0,0,0,0,0,0,S,Chelsea,0,0,0.0727275013923645,0.0727275013923645,EPL,2020,2020/21,2026-10-09T12:02:48+00:00,S
706,Lukasz Fabianski,35,3150,0,0,0,0,0,0,2,0,GK,West Ham,0,0,1.276375892572105,1.276375892572105,EPL,2020,2020/21,2026-10-09T12:02:48+00:00,GK
708,Federico Fernández,24,2090,0,0.19384320173412561,0,0.5685489978641272,4,7,4,0,D,Newcastle United,0,0.19384320173412561,3.3054693043231964,3.2190255261957645,EPL,2020,2020/21,2026-10-09T12:02:48+00:00,D
710,Neil Taylor,1,13,0,0,0,0,0,0,1,0,S,Aston Villa,0,0,0,0,EPL,2020,2020/21,2026-10-09T12:02:48+00:00,S
712,Jack Cork,16,1355,0,0.19732670206576586,0,0.3305272376164794,5,8,2,0,M S,Burnley,0,0.19732670206576586,2.8145491192117333,2.498658921569586,EPL,2020,2020/21,2026-10-09T12:02:48+00:00,M
727,DeAndre Yedlin,6,442,0,0.09984919615089893,0,0.08443289995193481,2,3,0,0,D S,Newcastle United,0,0.09984919615089893,0.5257030911743641,0.3566388040781021,EPL,2020,2020/21,2026-10-09T12:02:48+00:00,D
730,Patrick van Aanholt,22,1775,0,1.39833889529109,1,0.6495725978165865,18,12,2,0,D M S,Crystal Palace,0,1.39833889529109,4.809476420283318,3.354220826178789,EPL,2020,2020/21,2026-10-09T12:02:48+00:00,D
741,Jordan Pickford,31,2742,0,0,0,0.021773599088191986,0,1,1,0,GK,Everton,0,0,3.714157343842089,3.692383744753897,EPL,2020,2020/21,2026-10-09T12:02:48+00:00,GK
745,Kasper Schmeichel,38,3420,0,0,0,0,0,0,0,0,GK,Leicester,0,0,3.8688182500191033,3.8688182500191033,EPL,2020,2020/21,2026-10-09T12:02:48+00:00,GK
748,Wes Morgan,3,13,0,0,0,0,0,0,0,0,S,Leicester,0,0,0.14461299777030945,0.14461299777030945,EPL,2020,2020/21,2026-10-09T12:02:48+00:00,S
749,Christian Fuchs,9,703,0,0.07373149879276752,0,0.01301559992134571,4,1,4,0,D S,Leicester,0,0.07373149879276752,2.7238509003072977,2.6655489802360535,EPL,2020,2020/21,2026-10-09T12:02:48+00:00,D
751,N&#039;Golo Kanté,30,2142,0,0.7004625108093023,2,1.2067134976387024,10,22,7,0,M S,Chelsea,0,0.7004625108093023,10.102663565427065,8.441410657018423,EPL,2020,2020/21,2026-10-09T12:02:48+00:00,M
762,Demarai Gray,1,17,0,0.057972099632024765,0,0,1,0,0,0,S,Leicester,0,0.057972099632024765,0.027033399790525436,0.027033399790525436,EPL,2020,2020/21,2026-10-09T12:02:48+00:00,S
772,Moussa Sissoko,25,1563,0,0.24807290360331535,0,0.18440950103104115,3,4,3,0,D M S,Tottenham,0,0.24807290360331535,4.13622404076159,3.9269600305706263,EPL,2020,2020/21,2026-10-09T12:02:48+00:00,D
780,Karl Darlow,25,2250,0,0,0,0,0,0,2,0,GK,Newcastle United,0,0,0.9974315781146288,0.9974315781146288,EPL,2020,2020/21,2026-10-09T12:02:48+00:00,GK
785,John Ruddy,2,91,0,0,0,0,0,0,0,0,GK S,Wolverhampton Wanderers,0,0,0,0,EPL,2020,2020/21,2026-10-09T12:02:48+00:00,GK
831,Fraser Forster,8,720,0,0,0,0,0,0,0,0,GK,Southampton,0,0,1.113945309072733,1.113945309072733,EPL,2020,2020/21,2026-10-09T12:02:48+00:00,GK
835,Ryan Bertrand,29,2600,0,0.37492010183632374,1,1.3952976930886507,8,13,5,0,D,Southampton,0,0.37492010183632374,5.361662004143,4.8138942969962955,EPL,2020,2020/21,2026-10-09T12:02:48+00:00,D
839,Shane Long,11,184,0,0.06422480195760727,0,0,2,0,0,0,F S,Southampton,0,0.06422480195760727,0.08692499808967113,0.06606839783489704,EPL,2020,2020/21,2026-10-09T12:02:48+00:00,F
847,Cédric Soares,10,746,0,0.20354269538074732,1,0.8928053807467222,7,6,1,0,D S,Arsenal,0,0.20354269538074732,3.335597813129425,2.919353038072586,EPL,2020,2020/21,2026-10-09T12:02:48+00:00,D
848,Charlie Austin,5,126,0,0.41296299546957016,0,0,3,0,0,0,S,West Bromwich Albion,0,0.41296299546957016,0.41296299546957016,0,EPL,2020,2020/21,2026-10-09T12:02:48+00:00,S
856,Jack Butland,1,90,0,0,0,0,0,0,0,0,GK,Crystal Palace,0,0,0,0,EPL,2020,2020/21,2026-10-09T12:02:48+00:00,GK
857,Phil Bardsley,4,272,0,0.06341449916362762,0,0,3,0,2,0,D S,Burnley,0,0.06341449916362762,0.12669399939477444,0.10160529986023903,EPL,2020,2020/21,2026-10-09T12:02:48+00:00,D
876,Fabian Delph,8,249,0,0.014957999810576439,0,0.05444910004734993,1,2,1,0,D M S,Everton,0,0.014957999810576439,1.060617508366704,1.0171574968844652,EPL,2020,2020/21,2026-10-09T12:02:48+00:00,D
884,Matt Targett,38,3407,0,0.2803047075867653,2,2.7996690925210714,6,39,7,0,D,Aston Villa,0,0.2803047075867653,9.610855117440224,8.203314462676644,EPL,2020,2020/21,2026-10-09T12:02:48+00:00,D
885,Kyle Walker-Peters,30,2655,0,1.1350792245939374,2,1.2537505887448788,18,16,4,0,D,Southampton,0,1.1350792245939374,8.663987170904875,6.625145656056702,EPL,2020,2020/21,2026-10-09T12:02:48+00:00,D
887,Erik Pieters,20,1259,0,0.15116787049919367,1,0.36361539363861084,4,5,1,0,D M S,Burnley,0,0.15116787049919367,1.9328868268057704,1.5527143124490976,EPL,2020,2020/21,2026-10-09T12:02:48+00:00,D
888,Xherdan Shaqiri,14,534,0,0.42472099512815475,2,2.5104198902845383,11,19,2,0,F M S,Liverpool,0,0.42472099512815475,4.585736565291882,2.1229254696518183,EPL,2020,2020/21,2026-10-09T12:02:48+00:00,F
910,Harrison Reed,31,2254,0,0.2909777984023094,2,1.6945229470729828,13,21,5,0,M S,Fulham,0,0.2909777984023094,7.142019868828356,6.308453551493585,EPL,2020,2020/21,2026-10-09T12:02:48+00:00,M
934,Axel Tuanzebe,9,401,0,0,0,0,0,0,2,0,D S,Manchester United,0,0,1.0783615252003074,1.0783615252003074,EPL,2020,2020/21,2026-10-09T12:02:48+00:00,D
971,Harry Winks,15,854,0,0.061471300199627876,0,0.18998110108077526,4,4,5,0,M S,Tottenham,0,0.061471300199627876,3.7452505696564913,3.6405259910970926,EPL,2020,2020/21,2026-10-09T12:02:48+00:00,M
978,Sam Johnstone,37,3330,0,0,1,0.11011700332164764,0,1,1,0,GK,West Bromwich Albion,0,0,2.6272154795005918,2.517098476178944,EPL,2020,2020/21,2026-10-09T12:02:48+00:00,GK
987,Joseph Gomez,7,594,0,0,0,0.06542930006980896,0,1,0,0,D S,Liverpool,0,0,2.085418999195099,2.019989997148514,EPL,2020,2020/21,2026-10-09T12:02:48+00:00,D
1013,Sam Field,3,56,0,0,0,0,0,0,0,0,S,West Bromwich Albion,0,0,0,0,EPL,2020,2020/21,2026-10-09T12:02:48+00:00,S
1042,Tom Davies,25,1433,0,0.1774021964520216,1,0.9561847178265452,7,6,3,0,D M S,Everton,0,0.1774021964520216,3.188046783208847,2.6904862616211176,EPL,2020,2020/21,2026-10-09T12:02:48+00:00,D
1084,Jonjoe Kenny,4,81,0,0,0,0,0,0,0,0,D S,Everton,0,0,0.24064500629901886,0.24064500629901886,EPL,2020,2020/21,2026-10-09T12:02:48+00:00,D
1208,Felipe Anderson,2,2,0,0,0,0,0,0,0,0,S,West Ham,0,0,0.05036870017647743,0.05036870017647743,EPL,2020,2020/21,2026-10-09T12:02:48+00:00,S
1245,Emerson,2,88,0,0,0,0,0,0,0,0,S,Chelsea,0,0,0,0,EPL,2020,2020/21,2026-10-09T12:02:48+00:00,S
1304,Moise Kean,2,10,0,0.02234569936990738,0,0,1,0,0,0,S,Everton,0,0.02234569936990738,0.02234569936990738,0,EPL,2020,2020/21,2026-10-09T12:02:48+00:00,S
1379,Allan,24,2051,0,0.2417212026193738,0,0.7722849044948816,7,16,6,0,M S,Everton,0,0.2417212026193738,9.109655421227217,8.364447997882962,EPL,2020,2020/21,2026-10-09T12:02:48+00:00,M
1682,Islam Slimani,1,17,0,0.10036899894475937,0,0.07683449983596802,1,1,0,0,S,Leicester,0,0.10036899894475937,0.17720399796962738,0,EPL,2020,2020/21,2026-10-09T12:02:48+00:00,S
1683,Ryan Fraser,18,920,0,0.9030801933258772,2,2.1685299314558506,13,25,0,1,F M S,Newcastle United,0,0.9030801933258772,2.99426400475204,1.342214172706008,EPL,2020,2020/21,2026-10-09T12:02:48+00:00,F
1685,Ahmed Elmohamady,14,823,0,0.34127279929816723,0,0.9894655756652355,9,13,2,0,D S,Aston Villa,0,0.34127279929816723,2.426967915147543,1.610212106257677,EPL,2020,2020/21,2026-10-09T12:02:48+00:00,D
1689,Jake Livermore,18,1247,0,0.28153689950704575,0,0.17572339996695518,5,5,2,1,M S,West Bromwich Albion,0,0.28153689950704575,2.1714072339236736,1.860429123044014,EPL,2020,2020/21,2026-10-09T12:02:48+00:00,M
1691,Robert Snodgrass,11,533,0,0.20636729523539543,0,0.540032409131527,4,3,2,0,M S,"West Bromwich Albion,West Ham",0,0.20636729523539543,0.8308931086212397,0.16630879789590836,EPL,2020,2020/21,2026-10-09T12:02:48+00:00,M
1699,Shkodran Mustafi,3,43,0,0,0,0,0,0,0,0,S,Arsenal,0,0,0.06472480297088623,0.06472480297088623,EPL,2020,2020/21,2026-10-09T12:02:48+00:00,S
1719,Javier Manquillo,13,823,0,0.02316189929842949,0,0.2976970076560974,1,5,1,0,D S,Newcastle United,0,0.02316189929842949,1.4320280328392982,1.1111693233251572,EPL,2020,2020/21,2026-10-09T12:02:48+00:00,D
1735,Jack Stephens,18,1544,0,0.8943026959896088,0,0.4556563999503851,6,6,2,0,D M S,Southampton,0,0.8943026959896088,3.0810884833335876,2.751403979025781,EPL,2020,2020/21,2026-10-09T12:02:48+00:00,D
1739,Eric Bailly,12,916,0,0.08082259818911552,0,0,2,0,3,0,D S,Manchester United,0,0.08082259818911552,1.7967821639031172,1.7967821639031172,EPL,2020,2020/21,2026-10-09T12:02:48+00:00,D
1747,Kevin Long,8,635,0,0.6100035086274147,0,0.017368000000715256,2,1,2,0,D S,Burnley,0,0.6100035086274147,0.5022359061986208,0.5022359061986208,EPL,2020,2020/21,2026-10-09T12:02:48+00:00,D
1748,Lys Mousset,11,284,0,0.8426321223378181,0,0.43718890100717545,4,3,0,0,F S,Sheffield United,0,0.8426321223378181,1.5403051599860191,0.2604870945215225,EPL,2020,2020/21,2026-10-09T12:02:48+00:00,F
1749,Rob Holding,30,2548,0,0.7339214868843555,1,0.20068280026316643,14,4,2,0,D S,Arsenal,0,0.7339214868843555,7.403348095715046,7.163188092410564,EPL,2020,2020/21,2026-10-09T12:02:48+00:00,D
1750,Ainsley Maitland-Niles,26,1719,0,0.7961909975856543,0,0.8219910915941,12,6,2,0,D M S,"Arsenal,West Bromwich Albion",0,0.7961909975856543,5.968474563211203,5.0518849808722734,EPL,2020,2020/21,2026-10-09T12:02:48+00:00,D
1760,Arthur Masuaku,12,1017,0,0.4290253957733512,2,2.5958894677460194,6,11,2,0,D M,West Ham,0,0.4290253957733512,4.273893190547824,1.7911398131400347,EPL,2020,2020/21,2026-10-09T12:02:48+00:00,D
1785,Nampalys Mendy,23,1463,0,0.07761360052973032,1,0.18315480276942253,4,5,5,0,M S,Leicester,0,0.07761360052973032,3.4879588214680552,3.3244200833141804,EPL,2020,2020/21,2026-10-09T12:02:48+00:00,M
1823,Lucas Digne,30,2683,0,0.46404345985502005,7,5.960711717605591,13,45,2,1,D M,Everton,0,0.46404345985502005,10.744328988716006,6.58903550170362,EPL,2020,2020/21,2026-10-09T12:02:48+00:00,D
1828,Alex Telles,9,696,0,0.1452345959842205,2,0.7849516943097115,5,12,0,0,D S,Manchester United,0,0.1452345959842205,3.626065954566002,3.524719938635826,EPL,2020,2020/21,2026-10-09T12:02:48+00:00,D
2164,Pablo Hernández,16,403,0,1.4201891627162695,2,0.860271792858839,15,6,1,0,M S,Leeds,0,1.4201891627162695,4.210413367021829,2.0219520539976656,EPL,2020,2020/21,2026-10-09T12:02:48+00:00,M
2190,Vicente Guaita,37,3330,0,0,0,0,0,0,2,0,GK,Crystal Palace,0,0,1.4324400760233402,1.4324400760233402,EPL,2020,2020/21,2026-10-09T12:02:48+00:00,GK
2254,Mateo Kovacic,27,1833,0,0.9314175006002188,1,1.915258969180286,23,21,4,0,M S,Chelsea,0,0.9314175006002188,14.808719574473798,13.035788065753877,EPL,2020,2020/21,2026-10-09T12:02:48+00:00,M
2259,Kiko Casilla,3,270,0,0,0,0,0,0,0,0,GK,Leeds,0,0,0.26956919580698013,0.26956919580698013,EPL,2020,2020/21,2026-10-09T12:02:48+00:00,GK
2280,Jonny,7,505,0,0.05170470103621483,0,0.05090080015361309,1,2,0,0,D,Wolverhampton Wanderers,0,0.05170470103621483,0.3334942162036896,0.2308886107057333,EPL,2020,2020/21,2026-10-09T12:02:48+00:00,D
2310,Alphonse Areola,36,3240,0,0,0,0,0,0,2,0,GK,Fulham,0,0,3.5553304702043533,3.5553304702043533,EPL,2020,2020/21,2026-10-09T12:02:48+00:00,GK
2328,Thomas Partey,24,1543,0,1.157276201993227,2,1.1210453063249588,26,12,5,0,M S,Arsenal,0,1.157276201993227,7.274703920818865,5.83660644851625,EPL,2020,2020/21,2026-10-09T12:02:48+00:00,M
2383,André Gomes,28,1574,0,0.42712836526334286,1,1.0544498888775706,14,15,3,0,M S,Everton,0,0.42712836526334286,5.508418911136687,4.3762846030294895,EPL,2020,2020/21,2026-10-09T12:02:48+00:00,M
2385,Mat Ryan,14,1260,0,0,0,0.06032729893922806,0,1,1,0,GK,"Arsenal,Brighton",0,0,1.6561840623617172,1.6561840623617172,EPL,2020,2020/21,2026-10-09T12:02:48+00:00,GK
2446,Dani Ceballos,25,1613,0,0.6592578887939453,3,2.578972002491355,13,27,4,0,M S,Arsenal,0,0.6592578887939453,9.275819662958384,8.116629021242261,EPL,2020,2020/21,2026-10-09T12:02:48+00:00,M
2498,Aymeric Laporte,16,1335,0,0.8423398248851299,0,0.5778952986001968,6,5,1,0,D S,Manchester City,0,0.8423398248851299,6.2438118904829025,6.2438118904829025,EPL,2020,2020/21,2026-10-09T12:02:48+00:00,D
2958,Oleksandr Zinchenko,20,1473,0,0.6606589006260037,0,1.0854992978274822,16,15,0,0,D M S,Manchester City,0,0.6606589006260037,9.494372241199017,8.718505561351776,EPL,2020,2020/21,2026-10-09T12:02:48+00:00,D
3231,Kamil Grosicki,3,151,0,0.10924900323152542,1,0.5663559958338737,3,3,0,0,M S,West Bromwich Albion,0,0.10924900323152542,0.16501349955797195,0.017962099984288216,EPL,2020,2020/21,2026-10-09T12:02:48+00:00,M
3303,Ricardo Pereira,15,954,0,0.36339329183101654,1,0.7606751918792725,7,10,3,0,D M S,Leicester,0,0.36339329183101654,4.405816070735455,3.7367751225829124,EPL,2020,2020/21,2026-10-09T12:02:48+00:00,D
3304,Maxime Le Marchand,2,118,0,0.009506329894065857,0,0,1,0,2,0,D S,Fulham,0,0.009506329894065857,0.2469170093536377,0.2469170093536377,EPL,2020,2020/21,2026-10-09T12:02:48+00:00,D
3420,Fabinho,30,2563,0,0.36248929984867573,0,0.2980616018176079,10,4,6,0,D M S,Liverpool,0,0.36248929984867573,11.808018939569592,11.55500485189259,EPL,2020,2020/21,2026-10-09T12:02:48+00:00,D
3696,Morgan Sanson,9,291,0,0.026357199996709824,0,0.10845199972391129,2,1,3,0,M S,Aston Villa,0,0.026357199996709824,0.30181339383125305,0.19336139410734177,EPL,2020,2020/21,2026-10-09T12:02:48+00:00,M
3979,Ahmed Hegazy,1,90,0,0,0,0,0,0,0,0,D,West Bromwich Albion,0,0,0.1840279996395111,0.1840279996395111,EPL,2020,2020/21,2026-10-09T12:02:48+00:00,D
4401,Emiliano Martinez,38,3420,0,0,0,0.12292340397834778,0,2,1,0,GK,Aston Villa,0,0,3.7309096455574036,3.6079864501953125,EPL,2020,2020/21,2026-10-09T12:02:48+00:00,GK
4764,Jean-Philippe Gbamin,1,9,0,0,0,0,0,0,0,0,S,Everton,0,0,0,0,EPL,2020,2020/21,2026-10-09T12:02:48+00:00,S
4866,Aboubakar Kamara,11,303,0,0.6549197994172573,0,0.32896849513053894,4,6,1,1,F M S,Fulham,0,0.6549197994172573,1.1032148208469152,0.18232619762420654,EPL,2020,2020/21,2026-10-09T12:02:48+00:00,F
4918,Patrick Cutrone,2,21,0,0.07145749777555466,0,0,1,0,0,0,S,Wolverhampton Wanderers,0,0.07145749777555466,0.07145749777555466,0,EPL,2020,2020/21,2026-10-09T12:02:48+00:00,S
5061,Kepa,7,582,0,0,0,0,0,0,1,0,GK S,Chelsea,0,0,0.30502480547875166,0.30502480547875166,EPL,2020,2020/21,2026-10-09T12:02:48+00:00,GK
5245,Bernardo,3,201,0,0.31766799092292786,0,0.17365099489688873,4,2,0,0,D M S,Brighton,0,0.31766799092292786,0.2732999920845032,0.09216470271348953,EPL,2020,2020/21,2026-10-09T12:02:48+00:00,D
5247,Naby Keita,10,525,0,0.39325909689068794,0,0.9129509832710028,9,6,1,0,M S,Liverpool,0,0.39325909689068794,3.5902223363518715,2.329714320600033,EPL,2020,2020/21,2026-10-09T12:02:48+00:00,M
5274,Michael Hector,4,266,0,0.08639729768037796,0,0.019498199224472046,1,1,2,0,D S,Fulham,0,0.08639729768037796,0.4653735049068928,0.44587551429867744,EPL,2020,2020/21,2026-10-09T12:02:48+00:00,D
5552,Nick Pope,32,2880,0,0,0,0.08605049923062325,0,2,1,0,GK,Burnley,0,0,1.1779347462579608,1.09188465308398,EPL,2020,2020/21,2026-10-09T12:02:48+00:00,GK
5562,Rekeem Harper,2,27,0,0.029595399275422096,0,0,1,0,0,0,S,West Bromwich Albion,0,0.029595399275422096,0.03821149840950966,0.008616110309958458,EPL,2020,2020/21,2026-10-09T12:02:48+00:00,S
5569,Rhian Brewster,27,1102,0,1.9326187949627638,0,1.76662964746356,25,11,1,0,F M S,Sheffield United,0,1.9326187949627638,3.989293944090605,0.724409413523972,EPL,2020,2020/21,2026-10-09T12:02:48+00:00,F
5590,Tosin Adarabioyo,33,2955,0,1.560731110163033,0,0.3087306385859847,18,5,1,0,D,Fulham,0,1.560731110163033,5.666260660625994,5.607973066158593,EPL,2020,2020/21,2026-10-09T12:02:48+00:00,D
5603,Aaron Ramsdale,38,3420,0,0,0,0.07767169922590256,0,2,1,0,GK,Sheffield United,0,0,2.899687790311873,2.8220167020335793,EPL,2020,2020/21,2026-10-09T12:02:48+00:00,GK
5708,Fernando Marçal,13,611,0,0.07455459795892239,0,0.13980720099061728,2,4,2,0,D M S,Wolverhampton Wanderers,0,0.07455459795892239,2.079630693420768,1.9003007970750332,EPL,2020,2020/21,2026-10-09T12:02:48+00:00,D
5973,Kenny Tete,22,1483,0,0.2111262995749712,1,0.9065475072711706,7,19,3,0,D S,Fulham,0,0.2111262995749712,3.743922509253025,2.7555710561573505,EPL,2020,2020/21,2026-10-09T12:02:48+00:00,D
6044,Charlie Taylor,29,2430,0,0.11451609525829554,1,1.5903598181903362,3,12,1,0,D S,Burnley,0,0.11451609525829554,4.609694300219417,4.193466728553176,EPL,2020,2020/21,2026-10-09T12:02:48+00:00,D
6050,Davy Pröpper,7,201,0,0.13856259733438492,0,0,4,0,0,0,M S,Brighton,0,0.13856259733438492,0.2699490040540695,0.1942277029156685,EPL,2020,2020/21,2026-10-09T12:02:48+00:00,M
6051,Dale Stephens,7,258,0,0.08226919732987881,0,0,3,0,1,0,M S,Burnley,0,0.08226919732987881,0.24124889820814133,0.15897969901561737,EPL,2020,2020/21,2026-10-09T12:02:48+00:00,M
6054,Ederson,36,3240,0,0,1,0.3033579885959625,0,1,3,0,GK,Manchester City,0,0,7.629849426448345,7.326491840183735,EPL,2020,2020/21,2026-10-09T12:02:48+00:00,GK
6062,Isaac Hayden,24,1946,0,0.6148465005680919,0,0.24249639827758074,16,7,8,0,D M S,Newcastle United,0,0.6148465005680919,4.556475481018424,4.089187795296311,EPL,2020,2020/21,2026-10-09T12:02:48+00:00,D
6067,Terence Kongolo,1,90,0,0,0,0,0,0,0,0,D,Fulham,0,0,0.3735769987106323,0.3735769987106323,EPL,2020,2020/21,2026-10-09T12:02:48+00:00,D
6122,Douglas Luiz,33,2807,0,1.3188335429877043,2,2.41814873740077,26,19,8,1,M S,Aston Villa,0,1.3188335429877043,9.615896521136165,7.108104381710291,EPL,2020,2020/21,2026-10-09T12:02:48+00:00,M
6162,Cengiz Ünder,9,259,0,0.25260320119559765,2,1.6640292070806026,9,6,0,0,M S,Leicester,0,0.25260320119559765,2.688688376918435,1.0227029919624329,EPL,2020,2020/21,2026-10-09T12:02:48+00:00,M
6231,José Izquierdo,1,7,0,0.016806799918413162,0,0,1,0,0,0,S,Brighton,0,0.016806799918413162,0.06661350280046463,0.04980669915676117,EPL,2020,2020/21,2026-10-09T12:02:48+00:00,S
6249,Davinson Sánchez,18,1488,0,0.8006934821605682,0,0.020530199632048607,5,1,1,0,D S,Tottenham,0,0.8006934821605682,5.348088577389717,5.348088577389717,EPL,2020,2020/21,2026-10-09T12:02:48+00:00,D
6273,Robin Koch,17,1124,0,0.5145202986896038,0,0.12580826226621866,9,4,1,0,D M S,Leeds,0,0.5145202986896038,4.677589327096939,4.523157007992268,EPL,2020,2020/21,2026-10-09T12:02:48+00:00,D
6274,Andriy Yarmolenko,15,343,0,0.3100073020905256,1,0.7814440317451954,7,5,3,0,M S,West Ham,0,0.3100073020905256,1.4537307061254978,0.9313923791050911,EPL,2020,2020/21,2026-10-09T12:02:48+00:00,M
6350,Jayson Molumby,1,1,0,0,0,0,0,0,0,0,S,Brighton,0,0,0,0,EPL,2020,2020/21,2026-10-09T12:02:48+00:00,S
6369,Ethan Ampadu,25,2095,0,0.1944530000910163,0,0.9830157030373812,7,11,3,0,D M S,Sheffield United,0,0.1944530000910163,3.262279963120818,2.9991719853132963,EPL,2020,2020/21,2026-10-09T12:02:48+00:00,D
6377,Joe Rodon,12,730,0,0.018329400569200516,0,0,1,0,0,0,D S,Tottenham,0,0.018329400569200516,1.4196598939597607,1.4196598939597607,EPL,2020,2020/21,2026-10-09T12:02:48+00:00,D
6418,Hamza Choudhury,10,312,0,0.447797492146492,0,0,4,0,1,0,M S,Leicester,0,0.447797492146492,2.327859029173851,1.9456680417060852,EPL,2020,2020/21,2026-10-09T12:02:48+00:00,M
6434,Franck Zambo,36,2582,0,1.438547333702445,3,2.301115181297064,34,28,6,0,M S,Fulham,0,1.438547333702445,8.766742289066315,6.624085266143084,EPL,2020,2020/21,2026-10-09T12:02:48+00:00,M
6477,Cenk Tosun,5,37,0,0,0,0.07407929748296738,0,1,2,0,S,Everton,0,0,0.10806600004434586,0.03398720175027847,EPL,2020,2020/21,2026-10-09T12:02:48+00:00,S
6492,Reiss Nelson,2,59,0,0.05691710114479065,0,0,1,0,0,0,S,Arsenal,0,0.05691710114479065,0.3480401039123535,0.29112300276756287,EPL,2020,2020/21,2026-10-09T12:02:48+00:00,S
6504,Michael Obafemi,4,52,0,0,0,0.054918598383665085,0,1,0,0,S,Southampton,0,0,0.14890269562602043,0.14890269562602043,EPL,2020,2020/21,2026-10-09T12:02:48+00:00,S
6532,Martin Dubravka,13,1170,0,0,0,0,0,0,0,0,GK,Newcastle United,0,0,2.1202504448592663,2.1202504448592663,EPL,2020,2020/21,2026-10-09T12:02:48+00:00,GK
6736,Ibrahima Diallo,22,999,0,0.608452707529068,0,0.6375490110367537,7,9,3,0,M S,Southampton,0,0.608452707529068,3.3023097794502974,2.5710399094969034,EPL,2020,2020/21,2026-10-09T12:02:48+00:00,M
6822,Lee Peltier,4,230,0,0,0,0.02232169918715954,0,1,1,0,D S,West Bromwich Albion,0,0,0.17831569723784924,0.1559939980506897,EPL,2020,2020/21,2026-10-09T12:02:48+00:00,D
6840,Neeskens Kebano,5,112,0,0.2724295035004616,0,0,6,0,0,0,M S,Fulham,0,0.2724295035004616,0.24167200177907944,0.02052750065922737,EPL,2020,2020/21,2026-10-09T12:02:48+00:00,M
6842,Alireza Jahanbakhsh,21,512,0,1.8732202108949423,1,3.2342997156083584,18,10,3,0,D F M S,Brighton,0,1.8732202108949423,5.389567317441106,2.52194850333035,EPL,2020,2020/21,2026-10-09T12:02:48+00:00,D
6843,David Button,1,90,0,0,0,0,0,0,0,0,GK,West Bromwich Albion,0,0,0,0,EPL,2020,2020/21,2026-10-09T12:02:48+00:00,GK
6849,Rui Patrício,37,3330,0,0,0,0,0,0,1,0,GK,Wolverhampton Wanderers,0,0,1.2272863080725074,1.2272863080725074,EPL,2020,2020/21,2026-10-09T12:02:48+00:00,GK
6852,Matt Doherty,17,1228,0,0.36388201266527176,2,0.7646760959178209,3,11,2,1,D M S,Tottenham,0,0.36388201266527176,4.369951091706753,3.785178732126951,EPL,2020,2020/21,2026-10-09T12:02:48+00:00,D
6856,Rúben Vinagre,2,173,0,0,0,0,0,0,0,0,D S,Wolverhampton Wanderers,0,0,0.17874620109796524,0.17874620109796524,EPL,2020,2020/21,2026-10-09T12:02:48+00:00,D
6875,Rúnar Alex Rúnarsson,1,11,0,0,0,0,0,0,0,0,S,Arsenal,0,0,0,0,EPL,2020,2020/21,2026-10-09T12:02:48+00:00,S
6880,Edouard Mendy,31,2748,0,0,0,0,0,0,2,0,GK,Chelsea,0,0,4.780521096661687,4.780521096661687,EPL,2020,2020/21,2026-10-09T12:02:48+00:00,GK
6923,Mohammed Salisu,12,836,0,0.4784318944439292,0,0.17215709760785103,4,2,1,0,D S,Southampton,0,0.4784318944439292,2.2042920030653477,2.154071904718876,EPL,2020,2020/21,2026-10-09T12:02:48+00:00,D
6932,Okay Yokuslu,16,1328,0,0.7194964047521353,1,0.4425208047032356,12,6,4,0,M S,West Bromwich Albion,0,0.7194964047521353,2.787972727790475,2.3611941933631897,EPL,2020,2020/21,2026-10-09T12:02:48+00:00,M
6962,Robin Olsen,7,630,0,0,0,0,0,0,1,0,GK,Everton,0,0,0.8195909857749939,0.8195909857749939,EPL,2020,2020/21,2026-10-09T12:02:48+00:00,GK
7077,Denis Odoi,3,270,0,0.04002569988369942,0,0.05019240081310272,2,1,1,0,D,Fulham,0,0.04002569988369942,0.4257064014673233,0.3856807053089142,EPL,2020,2020/21,2026-10-09T12:02:48+00:00,D
7078,Sean Longstaff,22,1391,0,0.8264291062951088,1,0.9400976179167628,15,13,2,0,M S,Newcastle United,0,0.8264291062951088,3.0005825888365507,1.7070663180202246,EPL,2020,2020/21,2026-10-09T12:02:48+00:00,M
7184,Tim Ream,7,630,0,0,0,0,0,0,0,0,D,Fulham,0,0,0.8088045045733452,0.8088045045733452,EPL,2020,2020/21,2026-10-09T12:02:48+00:00,D
7187,Sergio Reguilón,27,2258,0,1.1595534086227417,3,2.099100701510906,20,17,5,0,D M S,Tottenham,0,1.1595534086227417,8.52995277568698,6.11448260769248,EPL,2020,2020/21,2026-10-09T12:02:48+00:00,D
7280,Yan Valery,3,95,0,0.2929132953286171,0,0.09160999953746796,2,1,0,0,D S,Southampton,0,0.2929132953286171,0.4703279882669449,0.17741400003433228,EPL,2020,2020/21,2026-10-09T12:02:48+00:00,D
7298,Ben White,36,3208,0,0.4792186003178358,0,0.9432324860244989,10,8,3,1,D M,Brighton,0,0.4792186003178358,8.348604042083025,7.907714944332838,EPL,2020,2020/21,2026-10-09T12:02:48+00:00,D
7326,Kayne Ramsay,1,90,0,0,0,0,0,0,1,0,D,Southampton,0,0,0.016576699912548065,0.016576699912548065,EPL,2020,2020/21,2026-10-09T12:02:48+00:00,D
7332,Max Kilman,18,1291,0,0.30801629833877087,1,0.31305780448019505,6,5,4,0,D S,Wolverhampton Wanderers,0,0.30801629833877087,2.0295231211930513,1.8352266997098923,EPL,2020,2020/21,2026-10-09T12:02:48+00:00,D
7376,Ozan Kabak,9,807,0,0.08602820336818695,0,0.02938690036535263,1,1,3,0,D,Liverpool,0,0.08602820336818695,1.8639124035835266,1.8639124035835266,EPL,2020,2020/21,2026-10-09T12:02:48+00:00,D
7383,Josh Benson,6,257,0,0.2044139951467514,0,0,2,0,0,0,M S,Burnley,0,0.2044139951467514,0.15730180218815804,0.13246959820389748,EPL,2020,2020/21,2026-10-09T12:02:48+00:00,M
7459,Will Norris,2,180,0,0,0,0.04762199893593788,0,1,0,0,GK,Burnley,0,0,0.09335120022296906,0.045729201287031174,EPL,2020,2020/21,2026-10-09T12:02:48+00:00,GK
7589,Wesley Fofana,28,2274,0,1.376329679042101,0,0.28285560198128223,11,6,7,0,D S,Leicester,0,1.376329679042101,7.294463628903031,7.199465861544013,EPL,2020,2020/21,2026-10-09T12:02:48+00:00,D
7689,Ben Godfrey,31,2682,0,0.7931147944182158,2,0.9784833025187254,14,4,4,0,D S,Everton,0,0.7931147944182158,5.550381664186716,4.866148971021175,EPL,2020,2020/21,2026-10-09T12:02:48+00:00,D
7691,Jamal Lewis,24,1824,0,0.11957670003175735,1,0.9897830151021481,3,14,4,0,D S,Newcastle United,0,0.11957670003175735,4.688645210117102,3.7277639638632536,EPL,2020,2020/21,2026-10-09T12:02:48+00:00,D
7702,Dean Henderson,13,1122,0,0,0,0,0,0,3,0,GK S,Manchester United,0,0,1.281179204583168,1.281179204583168,EPL,2020,2020/21,2026-10-09T12:02:48+00:00,GK
7703,John Egan,31,2628,0,0.4912482975050807,1,0.6186051927506924,14,3,7,1,D S,Sheffield United,0,0.4912482975050807,4.387039129622281,3.7450276343151927,EPL,2020,2020/21,2026-10-09T12:02:48+00:00,D
7704,Chris Basham,31,2602,0,0.6195668987929821,1,1.0665377043187618,10,12,5,0,D M,Sheffield United,0,0.6195668987929821,7.368293853476644,6.053646124899387,EPL,2020,2020/21,2026-10-09T12:02:48+00:00,D
7705,Jack O&#039;Connell,2,180,0,0,0,0,0,0,0,0,D,Sheffield United,0,0,0,0,EPL,2020,2020/21,2026-10-09T12:02:48+00:00,D
7706,George Baldock,32,2787,0,1.331411105580628,2,2.6325889602303505,14,18,7,0,D,Sheffield United,0,1.331411105580628,6.618172589689493,4.469507408328354,EPL,2020,2020/21,2026-10-09T12:02:48+00:00,D
7707,Enda Stevens,30,2700,0,1.447223442606628,1,1.609739189967513,16,17,6,0,D M,Sheffield United,0,1.447223442606628,8.22920673713088,6.430097249336541,EPL,2020,2020/21,2026-10-09T12:02:48+00:00,D
7708,John Lundstram,28,2034,0,1.8757737139239907,2,1.4599017314612865,20,20,8,1,M S,Sheffield United,0,1.1146046975627542,7.169210961088538,5.258821907453239,EPL,2020,2020/21,2026-10-09T12:02:48+00:00,M
7709,John Fleck,31,2576,0,0.5031575029715896,2,2.3917010659351945,17,33,4,0,M S,Sheffield United,0,0.5031575029715896,6.435383918695152,4.761176783591509,EPL,2020,2020/21,2026-10-09T12:02:48+00:00,M
7710,Oliver Norwood,32,2239,0,0.430055795237422,0,1.2662918074056506,11,32,6,0,M S,Sheffield United,0,0.430055795237422,5.095909474417567,4.403649482876062,EPL,2020,2020/21,2026-10-09T12:02:48+00:00,M
7724,Wesley,3,14,0,0.0328821986913681,0,0,1,0,0,0,S,Aston Villa,0,0.0328821986913681,0.11823540180921555,0.08535320311784744,EPL,2020,2020/21,2026-10-09T12:02:48+00:00,S
7817,Zack Steffen,1,90,0,0,0,0,0,0,0,0,GK,Manchester City,0,0,0.34973499178886414,0.34973499178886414,EPL,2020,2020/21,2026-10-09T12:02:48+00:00,GK
7904,Caoimhin Kelleher,2,180,0,0,0,0,0,0,0,0,GK,Liverpool,0,0,0.44792699813842773,0.44792699813842773,EPL,2020,2020/21,2026-10-09T12:02:48+00:00,GK
7983,Daniel N&#039;Lundulu,13,82,0,0.026467299088835716,0,0.03030879981815815,1,1,0,0,S,Southampton,0,0.026467299088835716,0.056776098906993866,0.026467299088835716,EPL,2020,2020/21,2026-10-09T12:02:48+00:00,S
7988,Billy Gilmour,5,256,0,0.051134299486875534,0,0.1236583013087511,1,3,0,0,M S,Chelsea,0,0.051134299486875534,0.5436723902821541,0.4064304009079933,EPL,2020,2020/21,2026-10-09T12:02:48+00:00,M
8016,Matthew Longstaff,5,376,0,0,0,0.31370800361037254,0,2,0,0,M S,Newcastle United,0,0,0.42248451337218285,0.10877619683742523,EPL,2020,2020/21,2026-10-09T12:02:48+00:00,M
8040,Marvelous Nakamba,13,757,0,0.033083499409258366,0,0.05933390185236931,2,2,3,0,M S,Aston Villa,0,0.033083499409258366,0.8930104114115238,0.8114348081871867,EPL,2020,2020/21,2026-10-09T12:02:48+00:00,M
8045,Eric Garcia,6,378,0,0.07463670149445534,0,0.00832298956811428,2,1,0,0,D S,Manchester City,0,0.07463670149445534,0.8594749793410301,0.7848389744758606,EPL,2020,2020/21,2026-10-09T12:02:48+00:00,D
8075,Brandon Williams,4,185,0,0.26944899559020996,0,0.031206099316477776,1,1,0,0,D S,Manchester United,0,0.26944899559020996,1.078246084973216,0.8087981026619673,EPL,2020,2020/21,2026-10-09T12:02:48+00:00,D
8109,Niels Nkounkou,2,80,0,0.016959799453616142,0,0,1,0,1,0,D S,Everton,0,0.016959799453616142,0.030957600101828575,0.013997799716889858,EPL,2020,2020/21,2026-10-09T12:02:48+00:00,D
8127,Amad Diallo Traore,3,172,0,0.03589779883623123,1,0.42318059131503105,1,2,0,0,M S,Manchester United,0,0.03589779883623123,0.8719336204230785,0.41285499930381775,EPL,2020,2020/21,2026-10-09T12:02:48+00:00,M
8150,Anthony Gordon,3,87,0,0,0,0.019139999523758888,0,1,0,0,M S,Everton,0,0,0.18850450217723846,0.18850450217723846,EPL,2020,2020/21,2026-10-09T12:02:48+00:00,M
8158,Scott Carson,1,90,0,0,0,0,0,0,0,0,GK,Manchester City,0,0,0,0,EPL,2020,2020/21,2026-10-09T12:02:48+00:00,GK
8180,Owen Otasowie,6,186,0,0.7453418513759971,1,0.3887690007686615,4,2,1,0,M S,Wolverhampton Wanderers,0,0.7453418513759971,1.3827527407556772,0.30153270810842514,EPL,2020,2020/21,2026-10-09T12:02:48+00:00,M
8204,Neco Williams,6,252,0,0.08622520044445992,0,0.1933984011411667,2,3,1,0,D S,Liverpool,0,0.08622520044445992,1.074642103165388,0.795018196105957,EPL,2020,2020/21,2026-10-09T12:02:48+00:00,D
8222,Japhet Tanganga,6,496,0,0.20077680051326752,0,0.5815759897232056,2,1,2,0,D,Tottenham,0,0.20077680051326752,1.3993397988379002,0.8177647925913334,EPL,2020,2020/21,2026-10-09T12:02:48+00:00,D
8224,William Smallbone,3,174,0,0.04609239846467972,0,0,1,0,0,0,M S,Southampton,0,0.04609239846467972,0.1866139993071556,0.14052200317382812,EPL,2020,2020/21,2026-10-09T12:02:48+00:00,M
8227,Oskar Buur,1,20,0,0,0,0,0,0,0,0,S,Wolverhampton Wanderers,0,0,0,0,EPL,2020,2020/21,2026-10-09T12:02:48+00:00,S
8286,Jack Robinson,11,879,0,0.6963966861367226,1,0.6712549924850464,6,1,3,0,D S,Sheffield United,0,0.6963966861367226,1.971000811085105,1.9456610102206469,EPL,2020,2020/21,2026-10-09T12:02:48+00:00,D
8323,Josh Brownhill,33,2818,0,1.5182226011529565,1,0.8824938023462892,34,19,2,0,M S,Burnley,0,1.5182226011529565,5.996075024828315,4.790277905762196,EPL,2020,2020/21,2026-10-09T12:02:48+00:00,M
8351,Ki-Jana Hoever,12,568,0,0.05745600163936615,0,0.1842530034482479,1,3,1,0,D S,Wolverhampton Wanderers,0,0.05745600163936615,1.222544588148594,1.0209383219480515,EPL,2020,2020/21,2026-10-09T12:02:48+00:00,D
8366,João Virgínia,1,48,0,0,0,0,0,0,0,0,S,Everton,0,0,0,0,EPL,2020,2020/21,2026-10-09T12:02:48+00:00,S
8380,Pablo Marí,10,900,0,0.04052269924432039,0,0.05424389988183975,2,1,2,0,D,Arsenal,0,0.04052269924432039,3.6049748361110687,3.590737834572792,EPL,2020,2020/21,2026-10-09T12:02:48+00:00,D
8482,Bailey Peacock-Farrell,4,360,0,0,0,0,0,0,0,0,GK,Burnley,0,0,0.0077309198677539825,0.0077309198677539825,EPL,2020,2020/21,2026-10-09T12:02:48+00:00,GK
8493,Jake Vokins,1,69,0,0,0,0.03704100102186203,0,1,0,0,D,Southampton,0,0,0.17254400253295898,0.13550299406051636,EPL,2020,2020/21,2026-10-09T12:02:48+00:00,D
8511,Alexandre Jankewitz,2,2,0,0,0,0,0,0,0,1,M S,Southampton,0,0,0.0920087993144989,0.0920087993144989,EPL,2020,2020/21,2026-10-09T12:02:48+00:00,M
8566,Joel Mumbongo,4,33,0,0,0,0,0,0,1,0,S,Burnley,0,0,0,0,EPL,2020,2020/21,2026-10-09T12:02:48+00:00,S
8704,Marek Rodák,2,180,0,0,0,0,0,0,0,0,GK,Fulham,0,0,0.02052750065922737,0.02052750065922737,EPL,2020,2020/21,2026-10-09T12:02:48+00:00,GK
8715,Illan Meslier,35,3150,0,0,0,0.042197298258543015,0,1,0,0,GK,Leeds,0,0,5.929297365248203,5.887099362909794,EPL,2020,2020/21,2026-10-09T12:02:48+00:00,GK
8716,Luke Ayling,38,3400,0,1.4397514276206493,0,2.9888545349240303,24,26,7,0,D M,Leeds,0,1.4397514276206493,14.196262124925852,11.884363940916955,EPL,2020,2020/21,2026-10-09T12:02:48+00:00,D
8721,Jamie Shackleton,13,446,0,0,0,0.1208777017891407,0,2,0,0,D M S,Leeds,0,0,2.193703718483448,2.193703718483448,EPL,2020,2020/21,2026-10-09T12:02:48+00:00,D
8723,Ian Poveda-Ocampo,14,322,0,0.6604134887456894,0,1.2583118923939764,5,5,0,0,S,Leeds,0,0.6604134887456894,2.0228541851975024,0.10412959847599268,EPL,2020,2020/21,2026-10-09T12:02:48+00:00,S
8756,Dara O&#039;Shea,28,2098,0,0.06425279937684536,0,0.11929170042276382,3,5,3,0,D S,West Bromwich Albion,0,0.06425279937684536,1.8983060996979475,1.8384417966008186,EPL,2020,2020/21,2026-10-09T12:02:48+00:00,D
8757,Romaine Sawyers,19,1495,0,0.14990630373358727,0,0.6822901964187622,4,6,3,0,M S,West Bromwich Albion,0,0.14990630373358727,1.8432445358484983,1.1865136194974184,EPL,2020,2020/21,2026-10-09T12:02:48+00:00,M
8758,Kyle Edwards,5,110,0,0.11881580203771591,0,0.02137880027294159,2,1,0,0,M S,West Bromwich Albion,0,0.11881580203771591,0.19228219985961914,0.05208750069141388,EPL,2020,2020/21,2026-10-09T12:02:48+00:00,M
8777,Vitinha,19,500,0,0.6649116026237607,1,0.7201342023909092,8,12,0,0,M S,Wolverhampton Wanderers,0,0.6649116026237607,1.9456945769488811,1.4773436626419425,EPL,2020,2020/21,2026-10-09T12:02:48+00:00,M
8852,Konstantinos Tsimikas,2,4,0,0,0,0,0,0,0,0,S,Liverpool,0,0,0,0,EPL,2020,2020/21,2026-10-09T12:02:48+00:00,S
8864,Matthew Cash,28,2389,0,0.2478914987295866,2,1.9056626800447702,9,21,6,1,D,Aston Villa,0,0.2478914987295866,6.591604145243764,5.0334585746750236,EPL,2020,2020/21,2026-10-09T12:02:48+00:00,D
8868,Liam Delap,1,39,0,0.06408520042896271,0,0,1,0,0,0,S,Manchester City,0,0.06408520042896271,0.06408520042896271,0,EPL,2020,2020/21,2026-10-09T12:02:48+00:00,S
8905,Conor Townsend,25,2237,0,0.82282321061939,2,2.6485062204301357,11,23,0,0,D M,West Bromwich Albion,0,0.82282321061939,6.119824014604092,3.785737205296755,EPL,2020,2020/21,2026-10-09T12:02:48+00:00,D
8918,Max Lowe,8,554,0,0.08675809763371944,0,0.18749800324440002,2,2,1,0,D S,Sheffield United,0,0.08675809763371944,1.3047473207116127,1.0304902158677578,EPL,2020,2020/21,2026-10-09T12:02:48+00:00,D
8919,Leif Davis,2,28,0,0,0,0,0,0,0,0,S,Leeds,0,0,0.23299899697303772,0.23299899697303772,EPL,2020,2020/21,2026-10-09T12:02:48+00:00,S
8940,Antonee Robinson,28,2158,0,0.4677492957562208,0,2.0327451694756746,10,29,4,1,D M S,Fulham,0,0.4677492957562208,7.802952338010073,6.396044296212494,EPL,2020,2020/21,2026-10-09T12:02:48+00:00,D
8941,Jacob Ramsey,22,593,0,0.5745481103658676,0,0.21190819889307022,11,6,0,0,M S,Aston Villa,0,0.5745481103658676,2.2276439275592566,1.694883331656456,EPL,2020,2020/21,2026-10-09T12:02:48+00:00,M
8965,Vladimir Coufal,34,3056,0,1.3991486877202988,7,6.389940650202334,15,45,3,0,D M,West Ham,0,1.3991486877202988,14.980891424231231,8.577498153783381,EPL,2020,2020/21,2026-10-09T12:02:48+00:00,D
8966,Filip Krovinovic,11,537,0,0.21568202134221792,0,0.17187480255961418,8,5,0,0,M S,West Bromwich Albion,0,0.21568202134221792,0.6958096958696842,0.47745469957590103,EPL,2020,2020/21,2026-10-09T12:02:48+00:00,M
9082,Lewis Richardson,2,2,0,0,0,0,0,0,0,0,S,Burnley,0,0,0,0,EPL,2020,2020/21,2026-10-09T12:02:48+00:00,S
9086,Rhys Williams,9,661,0,0.5532402992248535,0,0.2222049981355667,7,2,0,0,D S,Liverpool,0,0.5532402992248535,2.3060159385204315,2.1871699392795563,EPL,2020,2020/21,2026-10-09T12:02:48+00:00,D
9098,Robert Sánchez,27,2430,0,0,0,0.025614900514483452,0,1,2,0,GK,Brighton,0,0,3.148129854351282,3.122514847666025,EPL,2020,2020/21,2026-10-09T12:02:48+00:00,GK
9099,Andi Zeqiri,9,138,0,1.0259477235376835,0,0.11249300092458725,7,1,0,0,S,Brighton,0,1.0259477235376835,0.8297761119902134,0.4852749928832054,EPL,2020,2020/21,2026-10-09T12:02:48+00:00,S
9154,Elliot Anderson,1,3,0,0,0,0,0,0,0,0,S,Newcastle United,0,0,0,0,EPL,2020,2020/21,2026-10-09T12:02:48+00:00,S
9209,Theo Corbeanu,1,7,0,0,0,0.023469800129532814,0,1,0,0,S,Wolverhampton Wanderers,0,0,0.023469800129532814,0,EPL,2020,2020/21,2026-10-09T12:02:48+00:00,S
9219,Niall Huggins,1,35,0,0,0,0,0,0,0,0,S,Leeds,0,0,0.4292359948158264,0.4292359948158264,EPL,2020,2020/21,2026-10-09T12:02:48+00:00,S
9222,Antwoine Hackford,1,4,0,0.10344500094652176,0,0,1,0,0,0,S,Sheffield United,0,0.10344500094652176,0.11183100193738937,0.008386320434510708,EPL,2020,2020/21,2026-10-09T12:02:48+00:00,S
9249,Percy Tau,3,100,0,0,1,0.36736520007252693,0,3,0,0,M S,Brighton,0,0,0.44251900166273117,0.08582680113613605,EPL,2020,2020/21,2026-10-09T12:02:48+00:00,M
9250,Reda Khadra,1,3,0,0,0,0,0,0,0,0,S,Brighton,0,0,0,0,EPL,2020,2020/21,2026-10-09T12:02:48+00:00,S
9256,Caleb Watts,3,30,0,0,0,0,0,0,1,0,S,Southampton,0,0,0,0,EPL,2020,2020/21,2026-10-09T12:02:48+00:00,S
9257,Allan Tchaptchet,1,10,0,0,0,0,0,0,0,0,S,Southampton,0,0,0,0,EPL,2020,2020/21,2026-10-09T12:02:48+00:00,S
9284,Jakub Moder,12,643,0,0.9168103076517582,0,0.20512420311570168,13,3,0,0,D M S,Brighton,0,0.9168103076517582,1.8570118844509125,1.186261996626854,EPL,2020,2020/21,2026-10-09T12:02:48+00:00,D
9307,Iliman Ndiaye,1,10,0,0,0,0,0,0,0,0,S,Sheffield United,0,0,0,0,EPL,2020,2020/21,2026-10-09T12:02:48+00:00,S
9311,Thakgalo Leshabela,1,8,0,0,0,0,0,0,0,0,S,Leicester,0,0,1.0024700164794922,1.0024700164794922,EPL,2020,2020/21,2026-10-09T12:02:48+00:00,S
9332,Dane Scarlett,1,1,0,0,0,0,0,0,0,0,S,Tottenham,0,0,0,0,EPL,2020,2020/21,2026-10-09T12:02:48+00:00,S
9356,Carney Chukwuemeka,2,16,0,0.056043900549411774,0,0,1,0,0,0,S,Aston Villa,0,0.056043900549411774,0.056043900549411774,0,EPL,2020,2020/21,2026-10-09T12:02:48+00:00,S
9359,Shola Shoretire,2,4,0,0,0,0,0,0,0,0,S,Manchester United,0,0,0,0,EPL,2020,2020/21,2026-10-09T12:02:48+00:00,S
9395,Sidnei Tavares,2,84,0,0.02079850062727928,0,0,1,0,0,0,M S,Leicester,0,0.02079850062727928,0.02079850062727928,0,EPL,2020,2020/21,2026-10-09T12:02:48+00:00,M
9406,Nathan Broadhead,1,1,0,0,0,0,0,0,0,0,S,Everton,0,0,0,0,EPL,2020,2020/21,2026-10-09T12:02:48+00:00,S
9415,Jaden Philogene-Bidace,1,1,0,0,0,0,0,0,0,0,S,Aston Villa,0,0,0.056043900549411774,0.056043900549411774,EPL,2020,2020/21,2026-10-09T12:02:48+00:00,S
9423,Gaetano Berardi,2,113,0,0.07476060092449188,0,0,1,0,0,0,D S,Leeds,0,0.07476060092449188,0.23127800226211548,0.23127800226211548,EPL,2020,2020/21,2026-10-09T12:02:48+00:00,D
9540,Femi Seriki,1,1,0,0,0,0,0,0,0,0,S,Sheffield United,0,0,0,0,EPL,2020,2020/21,2026-10-09T12:02:48+00:00,S
9552,Tyrese Francois,1,13,0,0,0,0,0,0,0,0,S,Fulham,0,0,0,0,EPL,2020,2020/21,2026-10-09T12:02:48+00:00,S
9557,William Fish,1,1,0,0,0,0,0,0,0,0,S,Manchester United,0,0,0,0,EPL,2020,2020/21,2026-10-09T12:02:48+00:00,S
9558,Hannibal Mejbri,1,3,0,0,0,0,0,0,0,0,S,Manchester United,0,0,0,0,EPL,2020,2020/21,2026-10-09T12:02:48+00:00,S
